ID;Geschlecht;Tonlage;Klang;Lautstärke;Sprache;Gesprächsorientierung;Anrede;alternative Keywords;Satzpause;Sprechgeschwindigkeit;Satzlänge;Ausdruck
1;männlich;tief;natürlich;3;Deutsch;Aufgaben orientiert;Du;;kurz;langsam;vereinfacht;nein
2;männlich;tief;natürlich;3;Deutsch;Aufgaben orientiert;Du;;kurz;langsam;vereinfacht;nein
3;männlich;tief;natürlich;3;Deutsch;Aufgaben orientiert;Du;;kurz;langsam;vereinfacht;nein
4;männlich;tief;natürlich;3;Deutsch;Aufgaben orientiert;Du;;kurz;langsam;vereinfacht;nein
5;männlich;tief;natürlich;3;Deutsch;Aufgaben orientiert;Du;;kurz;langsam;vereinfacht;nein
6;männlich;tief;natürlich;3;Deutsch;Aufgaben orientiert;Du;;kurz;langsam;vereinfacht;nein
7;männlich;tief;natürlich;3;Deutsch;Aufgaben orientiert;Du;;kurz;langsam;vereinfacht;nein
8;männlich;tief;natürlich;3;Deutsch;Aufgaben orientiert;Du;;kurz;langsam;vereinfacht;nein
9;männlich;tief;natürlich;3;Deutsch;Aufgaben orientiert;Du;;kurz;langsam;vereinfacht;nein
10;männlich;tief;natürlich;3;Deutsch;Aufgaben orientiert;Du;;kurz;langsam;vereinfacht;nein
11;männlich;tief;natürlich;3;Deutsch;Aufgaben orientiert;Du;;kurz;langsam;vereinfacht;nein
12;männlich;tief;natürlich;3;Deutsch;Aufgaben orientiert;Du;;kurz;langsam;vereinfacht;nein
13;männlich;tief;natürlich;3;Deutsch;Aufgaben orientiert;Du;;kurz;langsam;vereinfacht;nein
14;männlich;tief;natürlich;3;Deutsch;Aufgaben orientiert;Du;;kurz;langsam;vereinfacht;nein
15;männlich;tief;natürlich;3;Deutsch;Aufgaben orientiert;Du;;kurz;langsam;vereinfacht;nein
16;männlich;tief;natürlich;3;Deutsch;Aufgaben orientiert;Du;;kurz;langsam;vereinfacht;nein
17;männlich;tief;natürlich;3;Deutsch;Aufgaben orientiert;Du;;kurz;langsam;vereinfacht;ja
18;männlich;tief;natürlich;3;Deutsch;Aufgaben orientiert;Du;;kurz;langsam;vereinfacht;ja
19;männlich;tief;natürlich;3;Deutsch;Aufgaben orientiert;Du;;kurz;langsam;vereinfacht;ja
20;männlich;tief;natürlich;3;Deutsch;Aufgaben orientiert;Du;;kurz;langsam;vereinfacht;ja
21;männlich;tief;natürlich;3;Deutsch;Aufgaben orientiert;Du;;kurz;langsam;vereinfacht;ja
22;männlich;tief;natürlich;3;Deutsch;Aufgaben orientiert;Du;;kurz;langsam;vereinfacht;ja
23;männlich;tief;natürlich;3;Deutsch;Aufgaben orientiert;Du;;kurz;langsam;vereinfacht;ja
24;männlich;tief;natürlich;3;Deutsch;Aufgaben orientiert;Du;;kurz;langsam;vereinfacht;ja
25;männlich;tief;natürlich;3;Deutsch;Aufgaben orientiert;Du;;kurz;langsam;vereinfacht;ja
26;männlich;tief;natürlich;3;Deutsch;Aufgaben orientiert;Du;;kurz;langsam;vereinfacht;ja
27;männlich;tief;natürlich;3;Deutsch;Aufgaben orientiert;Du;;kurz;langsam;vereinfacht;ja
28;männlich;tief;natürlich;3;Deutsch;Aufgaben orientiert;Du;;kurz;langsam;vereinfacht;ja
29;männlich;tief;natürlich;3;Deutsch;Aufgaben orientiert;Du;;kurz;langsam;vereinfacht;ja
30;männlich;tief;natürlich;3;Deutsch;Aufgaben orientiert;Du;;kurz;langsam;vereinfacht;ja
31;männlich;tief;natürlich;3;Deutsch;Aufgaben orientiert;Du;;kurz;langsam;vereinfacht;ja
32;männlich;tief;natürlich;3;Deutsch;Aufgaben orientiert;Du;;kurz;langsam;vereinfacht;ja
33;männlich;tief;natürlich;3;Deutsch;Aufgaben orientiert;Du;;kurz;langsam;vereinfacht;ja
34;männlich;tief;natürlich;3;Deutsch;Aufgaben orientiert;Du;;kurz;langsam;vereinfacht;ja
35;männlich;tief;natürlich;3;Deutsch;Aufgaben orientiert;Du;;kurz;langsam;vereinfacht;ja
36;männlich;tief;natürlich;3;Deutsch;Aufgaben orientiert;Du;;kurz;langsam;vereinfacht;ja
37;männlich;tief;natürlich;3;Deutsch;Aufgaben orientiert;Du;;kurz;langsam;vereinfacht;nein
38;männlich;tief;natürlich;3;Deutsch;Aufgaben orientiert;Du;;kurz;langsam;vereinfacht;nein
39;männlich;tief;natürlich;3;Deutsch;Aufgaben orientiert;Du;;kurz;langsam;vereinfacht;nein
40;männlich;tief;natürlich;3;Deutsch;Aufgaben orientiert;Du;;kurz;langsam;vereinfacht;nein
41;männlich;tief;natürlich;3;Deutsch;Aufgaben orientiert;Du;;kurz;langsam;vereinfacht;nein
42;männlich;tief;natürlich;3;Deutsch;Aufgaben orientiert;Du;;kurz;langsam;vereinfacht;nein
43;männlich;tief;natürlich;3;Deutsch;Aufgaben orientiert;Du;;kurz;langsam;vereinfacht;nein
44;männlich;tief;natürlich;3;Deutsch;Aufgaben orientiert;Du;;kurz;langsam;vereinfacht;nein
45;männlich;tief;natürlich;3;Deutsch;Aufgaben orientiert;Du;;kurz;langsam;vereinfacht;nein
46;männlich;tief;natürlich;3;Deutsch;Aufgaben orientiert;Du;;kurz;langsam;vereinfacht;nein
47;männlich;tief;natürlich;3;Deutsch;Aufgaben orientiert;Du;;kurz;langsam;vereinfacht;nein
48;männlich;tief;natürlich;3;Deutsch;Aufgaben orientiert;Du;;kurz;langsam;vereinfacht;nein
49;männlich;tief;natürlich;3;Deutsch;Aufgaben orientiert;Du;;kurz;langsam;vereinfacht;nein
50;männlich;tief;natürlich;3;Deutsch;Aufgaben orientiert;Du;;kurz;langsam;vereinfacht;nein
51;männlich;tief;natürlich;3;Deutsch;Aufgaben orientiert;Du;;kurz;langsam;vereinfacht;nein
52;männlich;tief;natürlich;3;Deutsch;Aufgaben orientiert;Du;;kurz;langsam;vereinfacht;nein
53;männlich;tief;natürlich;3;Deutsch;Aufgaben orientiert;Du;;kurz;langsam;vereinfacht;ja
54;männlich;tief;natürlich;3;Deutsch;Aufgaben orientiert;Du;;kurz;langsam;vereinfacht;ja
55;männlich;tief;natürlich;3;Deutsch;Aufgaben orientiert;Du;;kurz;langsam;vereinfacht;ja
56;männlich;tief;natürlich;3;Deutsch;Aufgaben orientiert;Du;;kurz;langsam;vereinfacht;ja
57;männlich;tief;natürlich;3;Deutsch;Aufgaben orientiert;Du;;kurz;langsam;vereinfacht;ja
58;männlich;tief;natürlich;3;Deutsch;Aufgaben orientiert;Du;;kurz;langsam;vereinfacht;ja
59;männlich;tief;natürlich;3;Deutsch;Aufgaben orientiert;Du;;kurz;langsam;vereinfacht;ja
60;männlich;tief;natürlich;3;Deutsch;Aufgaben orientiert;Du;;kurz;langsam;vereinfacht;ja
61;männlich;tief;natürlich;3;Deutsch;Aufgaben orientiert;Du;;kurz;langsam;vereinfacht;ja
62;männlich;tief;natürlich;3;Deutsch;Aufgaben orientiert;Du;;kurz;langsam;vereinfacht;ja
63;männlich;tief;natürlich;3;Deutsch;Aufgaben orientiert;Du;;kurz;langsam;vereinfacht;ja
64;männlich;tief;natürlich;3;Deutsch;Aufgaben orientiert;Du;;kurz;langsam;vereinfacht;ja
65;männlich;tief;natürlich;3;Deutsch;Aufgaben orientiert;Du;;kurz;langsam;vereinfacht;ja
66;männlich;tief;natürlich;3;Deutsch;Aufgaben orientiert;Du;;kurz;langsam;vereinfacht;ja
67;männlich;tief;natürlich;3;Deutsch;Aufgaben orientiert;Du;;kurz;langsam;vereinfacht;ja
68;männlich;tief;natürlich;3;Deutsch;Aufgaben orientiert;Du;;kurz;langsam;vereinfacht;ja
69;männlich;tief;natürlich;3;Deutsch;Aufgaben orientiert;Du;;kurz;langsam;vereinfacht;ja
70;männlich;tief;natürlich;3;Deutsch;Aufgaben orientiert;Du;;kurz;langsam;vereinfacht;ja
71;männlich;tief;natürlich;3;Deutsch;Aufgaben orientiert;Du;;kurz;langsam;vereinfacht;ja
72;männlich;tief;natürlich;3;Deutsch;Aufgaben orientiert;Du;;kurz;langsam;vereinfacht;ja
73;männlich;tief;natürlich;3;Englisch;Aufgaben orientiert;Du;;kurz;langsam;vereinfacht;nein
74;männlich;tief;natürlich;3;Englisch;Aufgaben orientiert;Du;;kurz;langsam;vereinfacht;nein
75;männlich;tief;natürlich;3;Englisch;Aufgaben orientiert;Du;;kurz;langsam;vereinfacht;nein
76;männlich;tief;natürlich;3;Englisch;Aufgaben orientiert;Du;;kurz;langsam;vereinfacht;nein
77;männlich;tief;natürlich;3;Englisch;Aufgaben orientiert;Du;;kurz;langsam;vereinfacht;nein
78;männlich;tief;natürlich;3;Englisch;Aufgaben orientiert;Du;;kurz;langsam;vereinfacht;nein
79;männlich;tief;natürlich;3;Englisch;Aufgaben orientiert;Du;;kurz;langsam;vereinfacht;nein
80;männlich;tief;natürlich;3;Englisch;Aufgaben orientiert;Du;;kurz;langsam;vereinfacht;nein
81;männlich;tief;natürlich;3;Englisch;Aufgaben orientiert;Du;;kurz;langsam;vereinfacht;nein
82;männlich;tief;natürlich;3;Englisch;Aufgaben orientiert;Du;;kurz;langsam;vereinfacht;nein
83;männlich;tief;natürlich;3;Englisch;Aufgaben orientiert;Du;;kurz;langsam;vereinfacht;nein
84;männlich;tief;natürlich;3;Englisch;Aufgaben orientiert;Du;;kurz;langsam;vereinfacht;nein
85;männlich;tief;natürlich;3;Englisch;Aufgaben orientiert;Du;;kurz;langsam;vereinfacht;nein
86;männlich;tief;natürlich;3;Englisch;Aufgaben orientiert;Du;;kurz;langsam;vereinfacht;nein
87;männlich;tief;natürlich;3;Englisch;Aufgaben orientiert;Du;;kurz;langsam;vereinfacht;nein
88;männlich;tief;natürlich;3;Englisch;Aufgaben orientiert;Du;;kurz;langsam;vereinfacht;nein
89;männlich;tief;natürlich;3;Englisch;Aufgaben orientiert;Du;;kurz;langsam;vereinfacht;ja
90;männlich;tief;natürlich;3;Englisch;Aufgaben orientiert;Du;;kurz;langsam;vereinfacht;ja
91;männlich;tief;natürlich;3;Englisch;Aufgaben orientiert;Du;;kurz;langsam;vereinfacht;ja
92;männlich;tief;natürlich;3;Englisch;Aufgaben orientiert;Du;;kurz;langsam;vereinfacht;ja
93;männlich;tief;natürlich;3;Englisch;Aufgaben orientiert;Du;;kurz;langsam;vereinfacht;ja
94;männlich;tief;natürlich;3;Englisch;Aufgaben orientiert;Du;;kurz;langsam;vereinfacht;ja
95;männlich;tief;natürlich;3;Englisch;Aufgaben orientiert;Du;;kurz;langsam;vereinfacht;ja
96;männlich;tief;natürlich;3;Englisch;Aufgaben orientiert;Du;;kurz;langsam;vereinfacht;ja
97;männlich;tief;natürlich;3;Englisch;Aufgaben orientiert;Du;;kurz;langsam;vereinfacht;ja
98;männlich;tief;natürlich;3;Englisch;Aufgaben orientiert;Du;;kurz;langsam;vereinfacht;ja
99;männlich;tief;natürlich;3;Englisch;Aufgaben orientiert;Du;;kurz;langsam;vereinfacht;ja
100;männlich;tief;natürlich;3;Englisch;Aufgaben orientiert;Du;;kurz;langsam;vereinfacht;ja
101;männlich;tief;natürlich;3;Englisch;Aufgaben orientiert;Du;;kurz;langsam;vereinfacht;ja
102;männlich;tief;natürlich;3;Englisch;Aufgaben orientiert;Du;;kurz;langsam;vereinfacht;ja
103;männlich;tief;natürlich;3;Englisch;Aufgaben orientiert;Du;;kurz;langsam;vereinfacht;ja
104;männlich;tief;natürlich;3;Englisch;Aufgaben orientiert;Du;;kurz;langsam;vereinfacht;ja
105;männlich;tief;natürlich;3;Englisch;Aufgaben orientiert;Du;;kurz;langsam;vereinfacht;ja
106;männlich;tief;natürlich;3;Englisch;Aufgaben orientiert;Du;;kurz;langsam;vereinfacht;ja
107;männlich;tief;natürlich;3;Englisch;Aufgaben orientiert;Du;;kurz;langsam;vereinfacht;ja
108;männlich;tief;natürlich;3;Englisch;Aufgaben orientiert;Du;;kurz;langsam;vereinfacht;ja
109;männlich;tief;natürlich;3;Englisch;Aufgaben orientiert;Du;;kurz;langsam;vereinfacht;nein
110;männlich;tief;natürlich;3;Englisch;Aufgaben orientiert;Du;;kurz;langsam;vereinfacht;nein
111;männlich;tief;natürlich;3;Englisch;Aufgaben orientiert;Du;;kurz;langsam;vereinfacht;nein
112;männlich;tief;natürlich;3;Englisch;Aufgaben orientiert;Du;;kurz;langsam;vereinfacht;nein
113;männlich;tief;natürlich;3;Englisch;Aufgaben orientiert;Du;;kurz;langsam;vereinfacht;nein
114;männlich;tief;natürlich;3;Englisch;Aufgaben orientiert;Du;;kurz;langsam;vereinfacht;nein
115;männlich;tief;natürlich;3;Englisch;Aufgaben orientiert;Du;;kurz;langsam;vereinfacht;nein
116;männlich;tief;natürlich;3;Englisch;Aufgaben orientiert;Du;;kurz;langsam;vereinfacht;nein
117;männlich;tief;natürlich;3;Englisch;Aufgaben orientiert;Du;;kurz;langsam;vereinfacht;nein
118;männlich;tief;natürlich;3;Englisch;Aufgaben orientiert;Du;;kurz;langsam;vereinfacht;nein
119;männlich;tief;natürlich;3;Englisch;Aufgaben orientiert;Du;;kurz;langsam;vereinfacht;nein
120;männlich;tief;natürlich;3;Englisch;Aufgaben orientiert;Du;;kurz;langsam;vereinfacht;nein
121;männlich;tief;natürlich;3;Englisch;Aufgaben orientiert;Du;;kurz;langsam;vereinfacht;nein
122;männlich;tief;natürlich;3;Englisch;Aufgaben orientiert;Du;;kurz;langsam;vereinfacht;nein
123;männlich;tief;natürlich;3;Englisch;Aufgaben orientiert;Du;;kurz;langsam;vereinfacht;nein
124;männlich;tief;natürlich;3;Englisch;Aufgaben orientiert;Du;;kurz;langsam;vereinfacht;nein
125;männlich;tief;natürlich;3;Englisch;Aufgaben orientiert;Du;;kurz;langsam;vereinfacht;ja
126;männlich;tief;natürlich;3;Englisch;Aufgaben orientiert;Du;;kurz;langsam;vereinfacht;ja
127;männlich;tief;natürlich;3;Englisch;Aufgaben orientiert;Du;;kurz;langsam;vereinfacht;ja
128;männlich;tief;natürlich;3;Englisch;Aufgaben orientiert;Du;;kurz;langsam;vereinfacht;ja
129;männlich;tief;natürlich;3;Englisch;Aufgaben orientiert;Du;;kurz;langsam;vereinfacht;ja
130;männlich;tief;natürlich;3;Englisch;Aufgaben orientiert;Du;;kurz;langsam;vereinfacht;ja
131;männlich;tief;natürlich;3;Englisch;Aufgaben orientiert;Du;;kurz;langsam;vereinfacht;ja
132;männlich;tief;natürlich;3;Englisch;Aufgaben orientiert;Du;;kurz;langsam;vereinfacht;ja
133;männlich;tief;natürlich;3;Englisch;Aufgaben orientiert;Du;;kurz;langsam;vereinfacht;ja
134;männlich;tief;natürlich;3;Englisch;Aufgaben orientiert;Du;;kurz;langsam;vereinfacht;ja
135;männlich;tief;natürlich;3;Englisch;Aufgaben orientiert;Du;;kurz;langsam;vereinfacht;ja
136;männlich;tief;natürlich;3;Englisch;Aufgaben orientiert;Du;;kurz;langsam;vereinfacht;ja
137;männlich;tief;natürlich;3;Englisch;Aufgaben orientiert;Du;;kurz;langsam;vereinfacht;ja
138;männlich;tief;natürlich;3;Englisch;Aufgaben orientiert;Du;;kurz;langsam;vereinfacht;ja
139;männlich;tief;natürlich;3;Englisch;Aufgaben orientiert;Du;;kurz;langsam;vereinfacht;ja
140;männlich;tief;natürlich;3;Englisch;Aufgaben orientiert;Du;;kurz;langsam;vereinfacht;ja
141;männlich;tief;natürlich;3;Englisch;Aufgaben orientiert;Du;;kurz;langsam;vereinfacht;ja
142;männlich;tief;natürlich;3;Englisch;Aufgaben orientiert;Du;;kurz;langsam;vereinfacht;ja
143;männlich;tief;natürlich;3;Englisch;Aufgaben orientiert;Du;;kurz;langsam;vereinfacht;ja
144;männlich;tief;natürlich;3;Englisch;Aufgaben orientiert;Du;;kurz;langsam;vereinfacht;ja
145;männlich;normal;natürlich;3;Deutsch;Aufgaben orientiert;Du;;kurz;durchschnittlich;normal;nein
146;männlich;normal;natürlich;3;Deutsch;Aufgaben orientiert;Du;;kurz;durchschnittlich;normal;nein
147;männlich;normal;natürlich;3;Deutsch;Aufgaben orientiert;Du;;kurz;durchschnittlich;normal;nein
148;männlich;normal;natürlich;3;Deutsch;Aufgaben orientiert;Du;;kurz;durchschnittlich;normal;nein
149;männlich;normal;natürlich;3;Deutsch;Aufgaben orientiert;Du;;kurz;durchschnittlich;normal;nein
150;männlich;normal;natürlich;3;Deutsch;Aufgaben orientiert;Du;;kurz;durchschnittlich;normal;nein
151;männlich;normal;natürlich;3;Deutsch;Aufgaben orientiert;Du;;kurz;durchschnittlich;normal;nein
152;männlich;normal;natürlich;3;Deutsch;Aufgaben orientiert;Du;;kurz;durchschnittlich;normal;nein
153;männlich;normal;natürlich;3;Deutsch;Aufgaben orientiert;Du;;kurz;durchschnittlich;normal;nein
154;männlich;normal;natürlich;3;Deutsch;Aufgaben orientiert;Du;;kurz;durchschnittlich;normal;nein
155;männlich;normal;natürlich;3;Deutsch;Aufgaben orientiert;Du;;kurz;durchschnittlich;normal;nein
156;männlich;normal;natürlich;3;Deutsch;Aufgaben orientiert;Du;;kurz;durchschnittlich;normal;nein
157;männlich;normal;natürlich;3;Deutsch;Aufgaben orientiert;Du;;kurz;durchschnittlich;normal;nein
158;männlich;normal;natürlich;3;Deutsch;Aufgaben orientiert;Du;;kurz;durchschnittlich;normal;nein
159;männlich;normal;natürlich;3;Deutsch;Aufgaben orientiert;Du;;kurz;durchschnittlich;normal;nein
160;männlich;normal;natürlich;3;Deutsch;Aufgaben orientiert;Du;;kurz;durchschnittlich;normal;nein
161;männlich;normal;natürlich;3;Deutsch;Aufgaben orientiert;Du;;kurz;durchschnittlich;normal;ja
162;männlich;normal;natürlich;3;Deutsch;Aufgaben orientiert;Du;;kurz;durchschnittlich;normal;ja
163;männlich;normal;natürlich;3;Deutsch;Aufgaben orientiert;Du;;kurz;durchschnittlich;normal;ja
164;männlich;normal;natürlich;3;Deutsch;Aufgaben orientiert;Du;;kurz;durchschnittlich;normal;ja
165;männlich;normal;natürlich;3;Deutsch;Aufgaben orientiert;Du;;kurz;durchschnittlich;normal;ja
166;männlich;normal;natürlich;3;Deutsch;Aufgaben orientiert;Du;;kurz;durchschnittlich;normal;ja
167;männlich;normal;natürlich;3;Deutsch;Aufgaben orientiert;Du;;kurz;durchschnittlich;normal;ja
168;männlich;normal;natürlich;3;Deutsch;Aufgaben orientiert;Du;;kurz;durchschnittlich;normal;ja
169;männlich;normal;natürlich;3;Deutsch;Aufgaben orientiert;Du;;kurz;durchschnittlich;normal;ja
170;männlich;normal;natürlich;3;Deutsch;Aufgaben orientiert;Du;;kurz;durchschnittlich;normal;ja
171;männlich;normal;natürlich;3;Deutsch;Aufgaben orientiert;Du;;kurz;durchschnittlich;normal;ja
172;männlich;normal;natürlich;3;Deutsch;Aufgaben orientiert;Du;;kurz;durchschnittlich;normal;ja
173;männlich;normal;natürlich;3;Deutsch;Aufgaben orientiert;Du;;kurz;durchschnittlich;normal;ja
174;männlich;normal;natürlich;3;Deutsch;Aufgaben orientiert;Du;;kurz;durchschnittlich;normal;ja
175;männlich;normal;natürlich;3;Deutsch;Aufgaben orientiert;Du;;kurz;durchschnittlich;normal;ja
176;männlich;normal;natürlich;3;Deutsch;Aufgaben orientiert;Du;;kurz;durchschnittlich;normal;ja
177;männlich;normal;natürlich;3;Deutsch;Aufgaben orientiert;Du;;kurz;durchschnittlich;normal;ja
178;männlich;normal;natürlich;3;Deutsch;Aufgaben orientiert;Du;;kurz;durchschnittlich;normal;ja
179;männlich;normal;natürlich;3;Deutsch;Aufgaben orientiert;Du;;kurz;durchschnittlich;normal;ja
180;männlich;normal;natürlich;3;Deutsch;Aufgaben orientiert;Du;;kurz;durchschnittlich;normal;ja
181;männlich;normal;natürlich;3;Deutsch;Aufgaben orientiert;Du;;kurz;durchschnittlich;normal;nein
182;männlich;normal;natürlich;3;Deutsch;Aufgaben orientiert;Du;;kurz;durchschnittlich;normal;nein
183;männlich;normal;natürlich;3;Deutsch;Aufgaben orientiert;Du;;kurz;durchschnittlich;normal;nein
184;männlich;normal;natürlich;3;Deutsch;Aufgaben orientiert;Du;;kurz;durchschnittlich;normal;nein
185;männlich;normal;natürlich;3;Deutsch;Aufgaben orientiert;Du;;kurz;durchschnittlich;normal;nein
186;männlich;normal;natürlich;3;Deutsch;Aufgaben orientiert;Du;;kurz;durchschnittlich;normal;nein
187;männlich;normal;natürlich;3;Deutsch;Aufgaben orientiert;Du;;kurz;durchschnittlich;normal;nein
188;männlich;normal;natürlich;3;Deutsch;Aufgaben orientiert;Du;;kurz;durchschnittlich;normal;nein
189;männlich;normal;natürlich;3;Deutsch;Aufgaben orientiert;Du;;kurz;durchschnittlich;normal;nein
190;männlich;normal;natürlich;3;Deutsch;Aufgaben orientiert;Du;;kurz;durchschnittlich;normal;nein
191;männlich;normal;natürlich;3;Deutsch;Aufgaben orientiert;Du;;kurz;durchschnittlich;normal;nein
192;männlich;normal;natürlich;3;Deutsch;Aufgaben orientiert;Du;;kurz;durchschnittlich;normal;nein
193;männlich;normal;natürlich;3;Deutsch;Aufgaben orientiert;Du;;kurz;durchschnittlich;normal;nein
194;männlich;normal;natürlich;3;Deutsch;Aufgaben orientiert;Du;;kurz;durchschnittlich;normal;nein
195;männlich;normal;natürlich;3;Deutsch;Aufgaben orientiert;Du;;kurz;durchschnittlich;normal;nein
196;männlich;normal;natürlich;3;Deutsch;Aufgaben orientiert;Du;;kurz;durchschnittlich;normal;nein
197;männlich;normal;natürlich;3;Deutsch;Aufgaben orientiert;Du;;kurz;durchschnittlich;normal;ja
198;männlich;normal;natürlich;3;Deutsch;Aufgaben orientiert;Du;;kurz;durchschnittlich;normal;ja
199;männlich;normal;natürlich;3;Deutsch;Aufgaben orientiert;Du;;kurz;durchschnittlich;normal;ja
200;männlich;normal;natürlich;3;Deutsch;Aufgaben orientiert;Du;;kurz;durchschnittlich;normal;ja
201;männlich;normal;natürlich;3;Deutsch;Aufgaben orientiert;Du;;kurz;durchschnittlich;normal;ja
202;männlich;normal;natürlich;3;Deutsch;Aufgaben orientiert;Du;;kurz;durchschnittlich;normal;ja
203;männlich;normal;natürlich;3;Deutsch;Aufgaben orientiert;Du;;kurz;durchschnittlich;normal;ja
204;männlich;normal;natürlich;3;Deutsch;Aufgaben orientiert;Du;;kurz;durchschnittlich;normal;ja
205;männlich;normal;natürlich;3;Deutsch;Aufgaben orientiert;Du;;kurz;durchschnittlich;normal;ja
206;männlich;normal;natürlich;3;Deutsch;Aufgaben orientiert;Du;;kurz;durchschnittlich;normal;ja
207;männlich;normal;natürlich;3;Deutsch;Aufgaben orientiert;Du;;kurz;durchschnittlich;normal;ja
208;männlich;normal;natürlich;3;Deutsch;Aufgaben orientiert;Du;;kurz;durchschnittlich;normal;ja
209;männlich;normal;natürlich;3;Deutsch;Aufgaben orientiert;Du;;kurz;durchschnittlich;normal;ja
210;männlich;normal;natürlich;3;Deutsch;Aufgaben orientiert;Du;;kurz;durchschnittlich;normal;ja
211;männlich;normal;natürlich;3;Deutsch;Aufgaben orientiert;Du;;kurz;durchschnittlich;normal;ja
212;männlich;normal;natürlich;3;Deutsch;Aufgaben orientiert;Du;;kurz;durchschnittlich;normal;ja
213;männlich;normal;natürlich;3;Deutsch;Aufgaben orientiert;Du;;kurz;durchschnittlich;normal;ja
214;männlich;normal;natürlich;3;Deutsch;Aufgaben orientiert;Du;;kurz;durchschnittlich;normal;ja
215;männlich;normal;natürlich;3;Deutsch;Aufgaben orientiert;Du;;kurz;durchschnittlich;normal;ja
216;männlich;normal;natürlich;3;Deutsch;Aufgaben orientiert;Du;;kurz;durchschnittlich;normal;ja
217;männlich;normal;natürlich;3;Englisch;Aufgaben orientiert;Du;;kurz;durchschnittlich;normal;nein
218;männlich;normal;natürlich;3;Englisch;Aufgaben orientiert;Du;;kurz;durchschnittlich;normal;nein
219;männlich;normal;natürlich;3;Englisch;Aufgaben orientiert;Du;;kurz;durchschnittlich;normal;nein
220;männlich;normal;natürlich;3;Englisch;Aufgaben orientiert;Du;;kurz;durchschnittlich;normal;nein
221;männlich;normal;natürlich;3;Englisch;Aufgaben orientiert;Du;;kurz;durchschnittlich;normal;nein
222;männlich;normal;natürlich;3;Englisch;Aufgaben orientiert;Du;;kurz;durchschnittlich;normal;nein
223;männlich;normal;natürlich;3;Englisch;Aufgaben orientiert;Du;;kurz;durchschnittlich;normal;nein
224;männlich;normal;natürlich;3;Englisch;Aufgaben orientiert;Du;;kurz;durchschnittlich;normal;nein
225;männlich;normal;natürlich;3;Englisch;Aufgaben orientiert;Du;;kurz;durchschnittlich;normal;nein
226;männlich;normal;natürlich;3;Englisch;Aufgaben orientiert;Du;;kurz;durchschnittlich;normal;nein
227;männlich;normal;natürlich;3;Englisch;Aufgaben orientiert;Du;;kurz;durchschnittlich;normal;nein
228;männlich;normal;natürlich;3;Englisch;Aufgaben orientiert;Du;;kurz;durchschnittlich;normal;nein
229;männlich;normal;natürlich;3;Englisch;Aufgaben orientiert;Du;;kurz;durchschnittlich;normal;nein
230;männlich;normal;natürlich;3;Englisch;Aufgaben orientiert;Du;;kurz;durchschnittlich;normal;nein
231;männlich;normal;natürlich;3;Englisch;Aufgaben orientiert;Du;;kurz;durchschnittlich;normal;nein
232;männlich;normal;natürlich;3;Englisch;Aufgaben orientiert;Du;;kurz;durchschnittlich;normal;nein
233;männlich;normal;natürlich;3;Englisch;Aufgaben orientiert;Du;;kurz;durchschnittlich;normal;ja
234;männlich;normal;natürlich;3;Englisch;Aufgaben orientiert;Du;;kurz;durchschnittlich;normal;ja
235;männlich;normal;natürlich;3;Englisch;Aufgaben orientiert;Du;;kurz;durchschnittlich;normal;ja
236;männlich;normal;natürlich;3;Englisch;Aufgaben orientiert;Du;;kurz;durchschnittlich;normal;ja
237;männlich;normal;natürlich;3;Englisch;Aufgaben orientiert;Du;;kurz;durchschnittlich;normal;ja
238;männlich;normal;natürlich;3;Englisch;Aufgaben orientiert;Du;;kurz;durchschnittlich;normal;ja
239;männlich;normal;natürlich;3;Englisch;Aufgaben orientiert;Du;;kurz;durchschnittlich;normal;ja
240;männlich;normal;natürlich;3;Englisch;Aufgaben orientiert;Du;;kurz;durchschnittlich;normal;ja
241;männlich;normal;natürlich;3;Englisch;Aufgaben orientiert;Du;;kurz;durchschnittlich;normal;ja
242;männlich;normal;natürlich;3;Englisch;Aufgaben orientiert;Du;;kurz;durchschnittlich;normal;ja
243;männlich;normal;natürlich;3;Englisch;Aufgaben orientiert;Du;;kurz;durchschnittlich;normal;ja
244;männlich;normal;natürlich;3;Englisch;Aufgaben orientiert;Du;;kurz;durchschnittlich;normal;ja
245;männlich;normal;natürlich;3;Englisch;Aufgaben orientiert;Du;;kurz;durchschnittlich;normal;ja
246;männlich;normal;natürlich;3;Englisch;Aufgaben orientiert;Du;;kurz;durchschnittlich;normal;ja
247;männlich;normal;natürlich;3;Englisch;Aufgaben orientiert;Du;;kurz;durchschnittlich;normal;ja
248;männlich;normal;natürlich;3;Englisch;Aufgaben orientiert;Du;;kurz;durchschnittlich;normal;ja
249;männlich;normal;natürlich;3;Englisch;Aufgaben orientiert;Du;;kurz;durchschnittlich;normal;ja
250;männlich;normal;natürlich;3;Englisch;Aufgaben orientiert;Du;;kurz;durchschnittlich;normal;ja
251;männlich;normal;natürlich;3;Englisch;Aufgaben orientiert;Du;;kurz;durchschnittlich;normal;ja
252;männlich;normal;natürlich;3;Englisch;Aufgaben orientiert;Du;;kurz;durchschnittlich;normal;ja
253;männlich;normal;natürlich;3;Englisch;Aufgaben orientiert;Du;;kurz;durchschnittlich;normal;nein
254;männlich;normal;natürlich;3;Englisch;Aufgaben orientiert;Du;;kurz;durchschnittlich;normal;nein
255;männlich;normal;natürlich;3;Englisch;Aufgaben orientiert;Du;;kurz;durchschnittlich;normal;nein
256;männlich;normal;natürlich;3;Englisch;Aufgaben orientiert;Du;;kurz;durchschnittlich;normal;nein
257;männlich;normal;natürlich;3;Englisch;Aufgaben orientiert;Du;;kurz;durchschnittlich;normal;nein
258;männlich;normal;natürlich;3;Englisch;Aufgaben orientiert;Du;;kurz;durchschnittlich;normal;nein
259;männlich;normal;natürlich;3;Englisch;Aufgaben orientiert;Du;;kurz;durchschnittlich;normal;nein
260;männlich;normal;natürlich;3;Englisch;Aufgaben orientiert;Du;;kurz;durchschnittlich;normal;nein
261;männlich;normal;natürlich;3;Englisch;Aufgaben orientiert;Du;;kurz;durchschnittlich;normal;nein
262;männlich;normal;natürlich;3;Englisch;Aufgaben orientiert;Du;;kurz;durchschnittlich;normal;nein
263;männlich;normal;natürlich;3;Englisch;Aufgaben orientiert;Du;;kurz;durchschnittlich;normal;nein
264;männlich;normal;natürlich;3;Englisch;Aufgaben orientiert;Du;;kurz;durchschnittlich;normal;nein
265;männlich;normal;natürlich;3;Englisch;Aufgaben orientiert;Du;;kurz;durchschnittlich;normal;nein
266;männlich;normal;natürlich;3;Englisch;Aufgaben orientiert;Du;;kurz;durchschnittlich;normal;nein
267;männlich;normal;natürlich;3;Englisch;Aufgaben orientiert;Du;;kurz;durchschnittlich;normal;nein
268;männlich;normal;natürlich;3;Englisch;Aufgaben orientiert;Du;;kurz;durchschnittlich;normal;nein
269;männlich;normal;natürlich;3;Englisch;Aufgaben orientiert;Du;;kurz;durchschnittlich;normal;ja
270;männlich;normal;natürlich;3;Englisch;Aufgaben orientiert;Du;;kurz;durchschnittlich;normal;ja
271;männlich;normal;natürlich;3;Englisch;Aufgaben orientiert;Du;;kurz;durchschnittlich;normal;ja
272;männlich;normal;natürlich;3;Englisch;Aufgaben orientiert;Du;;kurz;durchschnittlich;normal;ja
273;männlich;normal;natürlich;3;Englisch;Aufgaben orientiert;Du;;kurz;durchschnittlich;normal;ja
274;männlich;normal;natürlich;3;Englisch;Aufgaben orientiert;Du;;kurz;durchschnittlich;normal;ja
275;männlich;normal;natürlich;3;Englisch;Aufgaben orientiert;Du;;kurz;durchschnittlich;normal;ja
276;männlich;normal;natürlich;3;Englisch;Aufgaben orientiert;Du;;kurz;durchschnittlich;normal;ja
277;männlich;normal;natürlich;3;Englisch;Aufgaben orientiert;Du;;kurz;durchschnittlich;normal;ja
278;männlich;normal;natürlich;3;Englisch;Aufgaben orientiert;Du;;kurz;durchschnittlich;normal;ja
279;männlich;normal;natürlich;3;Englisch;Aufgaben orientiert;Du;;kurz;durchschnittlich;normal;ja
280;männlich;normal;natürlich;3;Englisch;Aufgaben orientiert;Du;;kurz;durchschnittlich;normal;ja
281;männlich;normal;natürlich;3;Englisch;Aufgaben orientiert;Du;;kurz;durchschnittlich;normal;ja
282;männlich;normal;natürlich;3;Englisch;Aufgaben orientiert;Du;;kurz;durchschnittlich;normal;ja
283;männlich;normal;natürlich;3;Englisch;Aufgaben orientiert;Du;;kurz;durchschnittlich;normal;ja
284;männlich;normal;natürlich;3;Englisch;Aufgaben orientiert;Du;;kurz;durchschnittlich;normal;ja
285;männlich;normal;natürlich;3;Englisch;Aufgaben orientiert;Du;;kurz;durchschnittlich;normal;ja
286;männlich;normal;natürlich;3;Englisch;Aufgaben orientiert;Du;;kurz;durchschnittlich;normal;ja
287;männlich;normal;natürlich;3;Englisch;Aufgaben orientiert;Du;;kurz;durchschnittlich;normal;ja
288;männlich;normal;natürlich;3;Englisch;Aufgaben orientiert;Du;;kurz;durchschnittlich;normal;ja
289;männlich;tief;natürlich;3;Deutsch;Aufgaben orientiert;Du;;kurz;langsam;vereinfacht;nein
290;männlich;tief;natürlich;3;Deutsch;Aufgaben orientiert;Du;;kurz;langsam;vereinfacht;nein
291;männlich;tief;natürlich;3;Deutsch;Aufgaben orientiert;Du;;kurz;langsam;vereinfacht;nein
292;männlich;tief;natürlich;3;Deutsch;Aufgaben orientiert;Du;;kurz;langsam;vereinfacht;nein
293;männlich;tief;natürlich;3;Deutsch;Aufgaben orientiert;Du;;kurz;langsam;vereinfacht;nein
294;männlich;tief;natürlich;3;Deutsch;Aufgaben orientiert;Du;;kurz;langsam;vereinfacht;nein
295;männlich;tief;natürlich;3;Deutsch;Aufgaben orientiert;Du;;kurz;langsam;vereinfacht;nein
296;männlich;tief;natürlich;3;Deutsch;Aufgaben orientiert;Du;;kurz;langsam;vereinfacht;nein
297;männlich;tief;natürlich;3;Deutsch;Aufgaben orientiert;Du;;kurz;langsam;vereinfacht;nein
298;männlich;tief;natürlich;3;Deutsch;Aufgaben orientiert;Du;;kurz;langsam;vereinfacht;nein
299;männlich;tief;natürlich;3;Deutsch;Aufgaben orientiert;Du;;kurz;langsam;vereinfacht;nein
300;männlich;tief;natürlich;3;Deutsch;Aufgaben orientiert;Du;;kurz;langsam;vereinfacht;nein
301;männlich;tief;natürlich;3;Deutsch;Aufgaben orientiert;Du;;kurz;langsam;vereinfacht;nein
302;männlich;tief;natürlich;3;Deutsch;Aufgaben orientiert;Du;;kurz;langsam;vereinfacht;nein
303;männlich;tief;natürlich;3;Deutsch;Aufgaben orientiert;Du;;kurz;langsam;vereinfacht;nein
304;männlich;tief;natürlich;3;Deutsch;Aufgaben orientiert;Du;;kurz;langsam;vereinfacht;nein
305;männlich;tief;natürlich;3;Deutsch;Aufgaben orientiert;Du;;kurz;langsam;vereinfacht;ja
306;männlich;tief;natürlich;3;Deutsch;Aufgaben orientiert;Du;;kurz;langsam;vereinfacht;ja
307;männlich;tief;natürlich;3;Deutsch;Aufgaben orientiert;Du;;kurz;langsam;vereinfacht;ja
308;männlich;tief;natürlich;3;Deutsch;Aufgaben orientiert;Du;;kurz;langsam;vereinfacht;ja
309;männlich;tief;natürlich;3;Deutsch;Aufgaben orientiert;Du;;kurz;langsam;vereinfacht;ja
310;männlich;tief;natürlich;3;Deutsch;Aufgaben orientiert;Du;;kurz;langsam;vereinfacht;ja
311;männlich;tief;natürlich;3;Deutsch;Aufgaben orientiert;Du;;kurz;langsam;vereinfacht;ja
312;männlich;tief;natürlich;3;Deutsch;Aufgaben orientiert;Du;;kurz;langsam;vereinfacht;ja
313;männlich;tief;natürlich;3;Deutsch;Aufgaben orientiert;Du;;kurz;langsam;vereinfacht;ja
314;männlich;tief;natürlich;3;Deutsch;Aufgaben orientiert;Du;;kurz;langsam;vereinfacht;ja
315;männlich;tief;natürlich;3;Deutsch;Aufgaben orientiert;Du;;kurz;langsam;vereinfacht;ja
316;männlich;tief;natürlich;3;Deutsch;Aufgaben orientiert;Du;;kurz;langsam;vereinfacht;ja
317;männlich;tief;natürlich;3;Deutsch;Aufgaben orientiert;Du;;kurz;langsam;vereinfacht;ja
318;männlich;tief;natürlich;3;Deutsch;Aufgaben orientiert;Du;;kurz;langsam;vereinfacht;ja
319;männlich;tief;natürlich;3;Deutsch;Aufgaben orientiert;Du;;kurz;langsam;vereinfacht;ja
320;männlich;tief;natürlich;3;Deutsch;Aufgaben orientiert;Du;;kurz;langsam;vereinfacht;ja
321;männlich;tief;natürlich;3;Deutsch;Aufgaben orientiert;Du;;kurz;langsam;vereinfacht;ja
322;männlich;tief;natürlich;3;Deutsch;Aufgaben orientiert;Du;;kurz;langsam;vereinfacht;ja
323;männlich;tief;natürlich;3;Deutsch;Aufgaben orientiert;Du;;kurz;langsam;vereinfacht;ja
324;männlich;tief;natürlich;3;Deutsch;Aufgaben orientiert;Du;;kurz;langsam;vereinfacht;ja
325;männlich;tief;natürlich;3;Deutsch;Aufgaben orientiert;Du;;kurz;langsam;vereinfacht;nein
326;männlich;tief;natürlich;3;Deutsch;Aufgaben orientiert;Du;;kurz;langsam;vereinfacht;nein
327;männlich;tief;natürlich;3;Deutsch;Aufgaben orientiert;Du;;kurz;langsam;vereinfacht;nein
328;männlich;tief;natürlich;3;Deutsch;Aufgaben orientiert;Du;;kurz;langsam;vereinfacht;nein
329;männlich;tief;natürlich;3;Deutsch;Aufgaben orientiert;Du;;kurz;langsam;vereinfacht;nein
330;männlich;tief;natürlich;3;Deutsch;Aufgaben orientiert;Du;;kurz;langsam;vereinfacht;nein
331;männlich;tief;natürlich;3;Deutsch;Aufgaben orientiert;Du;;kurz;langsam;vereinfacht;nein
332;männlich;tief;natürlich;3;Deutsch;Aufgaben orientiert;Du;;kurz;langsam;vereinfacht;nein
333;männlich;tief;natürlich;3;Deutsch;Aufgaben orientiert;Du;;kurz;langsam;vereinfacht;nein
334;männlich;tief;natürlich;3;Deutsch;Aufgaben orientiert;Du;;kurz;langsam;vereinfacht;nein
335;männlich;tief;natürlich;3;Deutsch;Aufgaben orientiert;Du;;kurz;langsam;vereinfacht;nein
336;männlich;tief;natürlich;3;Deutsch;Aufgaben orientiert;Du;;kurz;langsam;vereinfacht;nein
337;männlich;tief;natürlich;3;Deutsch;Aufgaben orientiert;Du;;kurz;langsam;vereinfacht;nein
338;männlich;tief;natürlich;3;Deutsch;Aufgaben orientiert;Du;;kurz;langsam;vereinfacht;nein
339;männlich;tief;natürlich;3;Deutsch;Aufgaben orientiert;Du;;kurz;langsam;vereinfacht;nein
340;männlich;tief;natürlich;3;Deutsch;Aufgaben orientiert;Du;;kurz;langsam;vereinfacht;nein
341;männlich;tief;natürlich;3;Deutsch;Aufgaben orientiert;Du;;kurz;langsam;vereinfacht;ja
342;männlich;tief;natürlich;3;Deutsch;Aufgaben orientiert;Du;;kurz;langsam;vereinfacht;ja
343;männlich;tief;natürlich;3;Deutsch;Aufgaben orientiert;Du;;kurz;langsam;vereinfacht;ja
344;männlich;tief;natürlich;3;Deutsch;Aufgaben orientiert;Du;;kurz;langsam;vereinfacht;ja
345;männlich;tief;natürlich;3;Deutsch;Aufgaben orientiert;Du;;kurz;langsam;vereinfacht;ja
346;männlich;tief;natürlich;3;Deutsch;Aufgaben orientiert;Du;;kurz;langsam;vereinfacht;ja
347;männlich;tief;natürlich;3;Deutsch;Aufgaben orientiert;Du;;kurz;langsam;vereinfacht;ja
348;männlich;tief;natürlich;3;Deutsch;Aufgaben orientiert;Du;;kurz;langsam;vereinfacht;ja
349;männlich;tief;natürlich;3;Deutsch;Aufgaben orientiert;Du;;kurz;langsam;vereinfacht;ja
350;männlich;tief;natürlich;3;Deutsch;Aufgaben orientiert;Du;;kurz;langsam;vereinfacht;ja
351;männlich;tief;natürlich;3;Deutsch;Aufgaben orientiert;Du;;kurz;langsam;vereinfacht;ja
352;männlich;tief;natürlich;3;Deutsch;Aufgaben orientiert;Du;;kurz;langsam;vereinfacht;ja
353;männlich;tief;natürlich;3;Deutsch;Aufgaben orientiert;Du;;kurz;langsam;vereinfacht;ja
354;männlich;tief;natürlich;3;Deutsch;Aufgaben orientiert;Du;;kurz;langsam;vereinfacht;ja
355;männlich;tief;natürlich;3;Deutsch;Aufgaben orientiert;Du;;kurz;langsam;vereinfacht;ja
356;männlich;tief;natürlich;3;Deutsch;Aufgaben orientiert;Du;;kurz;langsam;vereinfacht;ja
357;männlich;tief;natürlich;3;Deutsch;Aufgaben orientiert;Du;;kurz;langsam;vereinfacht;ja
358;männlich;tief;natürlich;3;Deutsch;Aufgaben orientiert;Du;;kurz;langsam;vereinfacht;ja
359;männlich;tief;natürlich;3;Deutsch;Aufgaben orientiert;Du;;kurz;langsam;vereinfacht;ja
360;männlich;tief;natürlich;3;Deutsch;Aufgaben orientiert;Du;;kurz;langsam;vereinfacht;ja
361;männlich;tief;natürlich;3;Englisch;Aufgaben orientiert;Du;;kurz;langsam;vereinfacht;nein
362;männlich;tief;natürlich;3;Englisch;Aufgaben orientiert;Du;;kurz;langsam;vereinfacht;nein
363;männlich;tief;natürlich;3;Englisch;Aufgaben orientiert;Du;;kurz;langsam;vereinfacht;nein
364;männlich;tief;natürlich;3;Englisch;Aufgaben orientiert;Du;;kurz;langsam;vereinfacht;nein
365;männlich;tief;natürlich;3;Englisch;Aufgaben orientiert;Du;;kurz;langsam;vereinfacht;nein
366;männlich;tief;natürlich;3;Englisch;Aufgaben orientiert;Du;;kurz;langsam;vereinfacht;nein
367;männlich;tief;natürlich;3;Englisch;Aufgaben orientiert;Du;;kurz;langsam;vereinfacht;nein
368;männlich;tief;natürlich;3;Englisch;Aufgaben orientiert;Du;;kurz;langsam;vereinfacht;nein
369;männlich;tief;natürlich;3;Englisch;Aufgaben orientiert;Du;;kurz;langsam;vereinfacht;nein
370;männlich;tief;natürlich;3;Englisch;Aufgaben orientiert;Du;;kurz;langsam;vereinfacht;nein
371;männlich;tief;natürlich;3;Englisch;Aufgaben orientiert;Du;;kurz;langsam;vereinfacht;nein
372;männlich;tief;natürlich;3;Englisch;Aufgaben orientiert;Du;;kurz;langsam;vereinfacht;nein
373;männlich;tief;natürlich;3;Englisch;Aufgaben orientiert;Du;;kurz;langsam;vereinfacht;nein
374;männlich;tief;natürlich;3;Englisch;Aufgaben orientiert;Du;;kurz;langsam;vereinfacht;nein
375;männlich;tief;natürlich;3;Englisch;Aufgaben orientiert;Du;;kurz;langsam;vereinfacht;nein
376;männlich;tief;natürlich;3;Englisch;Aufgaben orientiert;Du;;kurz;langsam;vereinfacht;nein
377;männlich;tief;natürlich;3;Englisch;Aufgaben orientiert;Du;;kurz;langsam;vereinfacht;ja
378;männlich;tief;natürlich;3;Englisch;Aufgaben orientiert;Du;;kurz;langsam;vereinfacht;ja
379;männlich;tief;natürlich;3;Englisch;Aufgaben orientiert;Du;;kurz;langsam;vereinfacht;ja
380;männlich;tief;natürlich;3;Englisch;Aufgaben orientiert;Du;;kurz;langsam;vereinfacht;ja
381;männlich;tief;natürlich;3;Englisch;Aufgaben orientiert;Du;;kurz;langsam;vereinfacht;ja
382;männlich;tief;natürlich;3;Englisch;Aufgaben orientiert;Du;;kurz;langsam;vereinfacht;ja
383;männlich;tief;natürlich;3;Englisch;Aufgaben orientiert;Du;;kurz;langsam;vereinfacht;ja
384;männlich;tief;natürlich;3;Englisch;Aufgaben orientiert;Du;;kurz;langsam;vereinfacht;ja
385;männlich;tief;natürlich;3;Englisch;Aufgaben orientiert;Du;;kurz;langsam;vereinfacht;ja
386;männlich;tief;natürlich;3;Englisch;Aufgaben orientiert;Du;;kurz;langsam;vereinfacht;ja
387;männlich;tief;natürlich;3;Englisch;Aufgaben orientiert;Du;;kurz;langsam;vereinfacht;ja
388;männlich;tief;natürlich;3;Englisch;Aufgaben orientiert;Du;;kurz;langsam;vereinfacht;ja
389;männlich;tief;natürlich;3;Englisch;Aufgaben orientiert;Du;;kurz;langsam;vereinfacht;ja
390;männlich;tief;natürlich;3;Englisch;Aufgaben orientiert;Du;;kurz;langsam;vereinfacht;ja
391;männlich;tief;natürlich;3;Englisch;Aufgaben orientiert;Du;;kurz;langsam;vereinfacht;ja
392;männlich;tief;natürlich;3;Englisch;Aufgaben orientiert;Du;;kurz;langsam;vereinfacht;ja
393;männlich;tief;natürlich;3;Englisch;Aufgaben orientiert;Du;;kurz;langsam;vereinfacht;ja
394;männlich;tief;natürlich;3;Englisch;Aufgaben orientiert;Du;;kurz;langsam;vereinfacht;ja
395;männlich;tief;natürlich;3;Englisch;Aufgaben orientiert;Du;;kurz;langsam;vereinfacht;ja
396;männlich;tief;natürlich;3;Englisch;Aufgaben orientiert;Du;;kurz;langsam;vereinfacht;ja
397;männlich;tief;natürlich;3;Englisch;Aufgaben orientiert;Du;;kurz;langsam;vereinfacht;nein
398;männlich;tief;natürlich;3;Englisch;Aufgaben orientiert;Du;;kurz;langsam;vereinfacht;nein
399;männlich;tief;natürlich;3;Englisch;Aufgaben orientiert;Du;;kurz;langsam;vereinfacht;nein
400;männlich;tief;natürlich;3;Englisch;Aufgaben orientiert;Du;;kurz;langsam;vereinfacht;nein
401;männlich;tief;natürlich;3;Englisch;Aufgaben orientiert;Du;;kurz;langsam;vereinfacht;nein
402;männlich;tief;natürlich;3;Englisch;Aufgaben orientiert;Du;;kurz;langsam;vereinfacht;nein
403;männlich;tief;natürlich;3;Englisch;Aufgaben orientiert;Du;;kurz;langsam;vereinfacht;nein
404;männlich;tief;natürlich;3;Englisch;Aufgaben orientiert;Du;;kurz;langsam;vereinfacht;nein
405;männlich;tief;natürlich;3;Englisch;Aufgaben orientiert;Du;;kurz;langsam;vereinfacht;nein
406;männlich;tief;natürlich;3;Englisch;Aufgaben orientiert;Du;;kurz;langsam;vereinfacht;nein
407;männlich;tief;natürlich;3;Englisch;Aufgaben orientiert;Du;;kurz;langsam;vereinfacht;nein
408;männlich;tief;natürlich;3;Englisch;Aufgaben orientiert;Du;;kurz;langsam;vereinfacht;nein
409;männlich;tief;natürlich;3;Englisch;Aufgaben orientiert;Du;;kurz;langsam;vereinfacht;nein
410;männlich;tief;natürlich;3;Englisch;Aufgaben orientiert;Du;;kurz;langsam;vereinfacht;nein
411;männlich;tief;natürlich;3;Englisch;Aufgaben orientiert;Du;;kurz;langsam;vereinfacht;nein
412;männlich;tief;natürlich;3;Englisch;Aufgaben orientiert;Du;;kurz;langsam;vereinfacht;nein
413;männlich;tief;natürlich;3;Englisch;Aufgaben orientiert;Du;;kurz;langsam;vereinfacht;ja
414;männlich;tief;natürlich;3;Englisch;Aufgaben orientiert;Du;;kurz;langsam;vereinfacht;ja
415;männlich;tief;natürlich;3;Englisch;Aufgaben orientiert;Du;;kurz;langsam;vereinfacht;ja
416;männlich;tief;natürlich;3;Englisch;Aufgaben orientiert;Du;;kurz;langsam;vereinfacht;ja
417;männlich;tief;natürlich;3;Englisch;Aufgaben orientiert;Du;;kurz;langsam;vereinfacht;ja
418;männlich;tief;natürlich;3;Englisch;Aufgaben orientiert;Du;;kurz;langsam;vereinfacht;ja
419;männlich;tief;natürlich;3;Englisch;Aufgaben orientiert;Du;;kurz;langsam;vereinfacht;ja
420;männlich;tief;natürlich;3;Englisch;Aufgaben orientiert;Du;;kurz;langsam;vereinfacht;ja
421;männlich;tief;natürlich;3;Englisch;Aufgaben orientiert;Du;;kurz;langsam;vereinfacht;ja
422;männlich;tief;natürlich;3;Englisch;Aufgaben orientiert;Du;;kurz;langsam;vereinfacht;ja
423;männlich;tief;natürlich;3;Englisch;Aufgaben orientiert;Du;;kurz;langsam;vereinfacht;ja
424;männlich;tief;natürlich;3;Englisch;Aufgaben orientiert;Du;;kurz;langsam;vereinfacht;ja
425;männlich;tief;natürlich;3;Englisch;Aufgaben orientiert;Du;;kurz;langsam;vereinfacht;ja
426;männlich;tief;natürlich;3;Englisch;Aufgaben orientiert;Du;;kurz;langsam;vereinfacht;ja
427;männlich;tief;natürlich;3;Englisch;Aufgaben orientiert;Du;;kurz;langsam;vereinfacht;ja
428;männlich;tief;natürlich;3;Englisch;Aufgaben orientiert;Du;;kurz;langsam;vereinfacht;ja
429;männlich;tief;natürlich;3;Englisch;Aufgaben orientiert;Du;;kurz;langsam;vereinfacht;ja
430;männlich;tief;natürlich;3;Englisch;Aufgaben orientiert;Du;;kurz;langsam;vereinfacht;ja
431;männlich;tief;natürlich;3;Englisch;Aufgaben orientiert;Du;;kurz;langsam;vereinfacht;ja
432;männlich;tief;natürlich;3;Englisch;Aufgaben orientiert;Du;;kurz;langsam;vereinfacht;ja
433;männlich;normal;natürlich;3;Deutsch;Aufgaben orientiert;Du;;kurz;durchschnittlich;normal;nein
434;männlich;normal;natürlich;3;Deutsch;Aufgaben orientiert;Du;;kurz;durchschnittlich;normal;nein
435;männlich;normal;natürlich;3;Deutsch;Aufgaben orientiert;Du;;kurz;durchschnittlich;normal;nein
436;männlich;normal;natürlich;3;Deutsch;Aufgaben orientiert;Du;;kurz;durchschnittlich;normal;nein
437;männlich;normal;natürlich;3;Deutsch;Aufgaben orientiert;Du;;kurz;durchschnittlich;normal;nein
438;männlich;normal;natürlich;3;Deutsch;Aufgaben orientiert;Du;;kurz;durchschnittlich;normal;nein
439;männlich;normal;natürlich;3;Deutsch;Aufgaben orientiert;Du;;kurz;durchschnittlich;normal;nein
440;männlich;normal;natürlich;3;Deutsch;Aufgaben orientiert;Du;;kurz;durchschnittlich;normal;nein
441;männlich;normal;natürlich;3;Deutsch;Aufgaben orientiert;Du;;kurz;durchschnittlich;normal;nein
442;männlich;normal;natürlich;3;Deutsch;Aufgaben orientiert;Du;;kurz;durchschnittlich;normal;nein
443;männlich;normal;natürlich;3;Deutsch;Aufgaben orientiert;Du;;kurz;durchschnittlich;normal;nein
444;männlich;normal;natürlich;3;Deutsch;Aufgaben orientiert;Du;;kurz;durchschnittlich;normal;nein
445;männlich;normal;natürlich;3;Deutsch;Aufgaben orientiert;Du;;kurz;durchschnittlich;normal;nein
446;männlich;normal;natürlich;3;Deutsch;Aufgaben orientiert;Du;;kurz;durchschnittlich;normal;nein
447;männlich;normal;natürlich;3;Deutsch;Aufgaben orientiert;Du;;kurz;durchschnittlich;normal;nein
448;männlich;normal;natürlich;3;Deutsch;Aufgaben orientiert;Du;;kurz;durchschnittlich;normal;nein
449;männlich;normal;natürlich;3;Deutsch;Aufgaben orientiert;Du;;kurz;durchschnittlich;normal;ja
450;männlich;normal;natürlich;3;Deutsch;Aufgaben orientiert;Du;;kurz;durchschnittlich;normal;ja
451;männlich;normal;natürlich;3;Deutsch;Aufgaben orientiert;Du;;kurz;durchschnittlich;normal;ja
452;männlich;normal;natürlich;3;Deutsch;Aufgaben orientiert;Du;;kurz;durchschnittlich;normal;ja
453;männlich;normal;natürlich;3;Deutsch;Aufgaben orientiert;Du;;kurz;durchschnittlich;normal;ja
454;männlich;normal;natürlich;3;Deutsch;Aufgaben orientiert;Du;;kurz;durchschnittlich;normal;ja
455;männlich;normal;natürlich;3;Deutsch;Aufgaben orientiert;Du;;kurz;durchschnittlich;normal;ja
456;männlich;normal;natürlich;3;Deutsch;Aufgaben orientiert;Du;;kurz;durchschnittlich;normal;ja
457;männlich;normal;natürlich;3;Deutsch;Aufgaben orientiert;Du;;kurz;durchschnittlich;normal;ja
458;männlich;normal;natürlich;3;Deutsch;Aufgaben orientiert;Du;;kurz;durchschnittlich;normal;ja
459;männlich;normal;natürlich;3;Deutsch;Aufgaben orientiert;Du;;kurz;durchschnittlich;normal;ja
460;männlich;normal;natürlich;3;Deutsch;Aufgaben orientiert;Du;;kurz;durchschnittlich;normal;ja
461;männlich;normal;natürlich;3;Deutsch;Aufgaben orientiert;Du;;kurz;durchschnittlich;normal;ja
462;männlich;normal;natürlich;3;Deutsch;Aufgaben orientiert;Du;;kurz;durchschnittlich;normal;ja
463;männlich;normal;natürlich;3;Deutsch;Aufgaben orientiert;Du;;kurz;durchschnittlich;normal;ja
464;männlich;normal;natürlich;3;Deutsch;Aufgaben orientiert;Du;;kurz;durchschnittlich;normal;ja
465;männlich;normal;natürlich;3;Deutsch;Aufgaben orientiert;Du;;kurz;durchschnittlich;normal;ja
466;männlich;normal;natürlich;3;Deutsch;Aufgaben orientiert;Du;;kurz;durchschnittlich;normal;ja
467;männlich;normal;natürlich;3;Deutsch;Aufgaben orientiert;Du;;kurz;durchschnittlich;normal;ja
468;männlich;normal;natürlich;3;Deutsch;Aufgaben orientiert;Du;;kurz;durchschnittlich;normal;ja
469;männlich;normal;natürlich;3;Deutsch;Aufgaben orientiert;Du;;kurz;durchschnittlich;normal;nein
470;männlich;normal;natürlich;3;Deutsch;Aufgaben orientiert;Du;;kurz;durchschnittlich;normal;nein
471;männlich;normal;natürlich;3;Deutsch;Aufgaben orientiert;Du;;kurz;durchschnittlich;normal;nein
472;männlich;normal;natürlich;3;Deutsch;Aufgaben orientiert;Du;;kurz;durchschnittlich;normal;nein
473;männlich;normal;natürlich;3;Deutsch;Aufgaben orientiert;Du;;kurz;durchschnittlich;normal;nein
474;männlich;normal;natürlich;3;Deutsch;Aufgaben orientiert;Du;;kurz;durchschnittlich;normal;nein
475;männlich;normal;natürlich;3;Deutsch;Aufgaben orientiert;Du;;kurz;durchschnittlich;normal;nein
476;männlich;normal;natürlich;3;Deutsch;Aufgaben orientiert;Du;;kurz;durchschnittlich;normal;nein
477;männlich;normal;natürlich;3;Deutsch;Aufgaben orientiert;Du;;kurz;durchschnittlich;normal;nein
478;männlich;normal;natürlich;3;Deutsch;Aufgaben orientiert;Du;;kurz;durchschnittlich;normal;nein
479;männlich;normal;natürlich;3;Deutsch;Aufgaben orientiert;Du;;kurz;durchschnittlich;normal;nein
480;männlich;normal;natürlich;3;Deutsch;Aufgaben orientiert;Du;;kurz;durchschnittlich;normal;nein
481;männlich;normal;natürlich;3;Deutsch;Aufgaben orientiert;Du;;kurz;durchschnittlich;normal;nein
482;männlich;normal;natürlich;3;Deutsch;Aufgaben orientiert;Du;;kurz;durchschnittlich;normal;nein
483;männlich;normal;natürlich;3;Deutsch;Aufgaben orientiert;Du;;kurz;durchschnittlich;normal;nein
484;männlich;normal;natürlich;3;Deutsch;Aufgaben orientiert;Du;;kurz;durchschnittlich;normal;nein
485;männlich;normal;natürlich;3;Deutsch;Aufgaben orientiert;Du;;kurz;durchschnittlich;normal;ja
486;männlich;normal;natürlich;3;Deutsch;Aufgaben orientiert;Du;;kurz;durchschnittlich;normal;ja
487;männlich;normal;natürlich;3;Deutsch;Aufgaben orientiert;Du;;kurz;durchschnittlich;normal;ja
488;männlich;normal;natürlich;3;Deutsch;Aufgaben orientiert;Du;;kurz;durchschnittlich;normal;ja
489;männlich;normal;natürlich;3;Deutsch;Aufgaben orientiert;Du;;kurz;durchschnittlich;normal;ja
490;männlich;normal;natürlich;3;Deutsch;Aufgaben orientiert;Du;;kurz;durchschnittlich;normal;ja
491;männlich;normal;natürlich;3;Deutsch;Aufgaben orientiert;Du;;kurz;durchschnittlich;normal;ja
492;männlich;normal;natürlich;3;Deutsch;Aufgaben orientiert;Du;;kurz;durchschnittlich;normal;ja
493;männlich;normal;natürlich;3;Deutsch;Aufgaben orientiert;Du;;kurz;durchschnittlich;normal;ja
494;männlich;normal;natürlich;3;Deutsch;Aufgaben orientiert;Du;;kurz;durchschnittlich;normal;ja
495;männlich;normal;natürlich;3;Deutsch;Aufgaben orientiert;Du;;kurz;durchschnittlich;normal;ja
496;männlich;normal;natürlich;3;Deutsch;Aufgaben orientiert;Du;;kurz;durchschnittlich;normal;ja
497;männlich;normal;natürlich;3;Deutsch;Aufgaben orientiert;Du;;kurz;durchschnittlich;normal;ja
498;männlich;normal;natürlich;3;Deutsch;Aufgaben orientiert;Du;;kurz;durchschnittlich;normal;ja
499;männlich;normal;natürlich;3;Deutsch;Aufgaben orientiert;Du;;kurz;durchschnittlich;normal;ja
500;männlich;normal;natürlich;3;Deutsch;Aufgaben orientiert;Du;;kurz;durchschnittlich;normal;ja
501;männlich;normal;natürlich;3;Deutsch;Aufgaben orientiert;Du;;kurz;durchschnittlich;normal;ja
502;männlich;normal;natürlich;3;Deutsch;Aufgaben orientiert;Du;;kurz;durchschnittlich;normal;ja
503;männlich;normal;natürlich;3;Deutsch;Aufgaben orientiert;Du;;kurz;durchschnittlich;normal;ja
504;männlich;normal;natürlich;3;Deutsch;Aufgaben orientiert;Du;;kurz;durchschnittlich;normal;ja
505;männlich;normal;natürlich;3;Englisch;Aufgaben orientiert;Du;;kurz;durchschnittlich;normal;nein
506;männlich;normal;natürlich;3;Englisch;Aufgaben orientiert;Du;;kurz;durchschnittlich;normal;nein
507;männlich;normal;natürlich;3;Englisch;Aufgaben orientiert;Du;;kurz;durchschnittlich;normal;nein
508;männlich;normal;natürlich;3;Englisch;Aufgaben orientiert;Du;;kurz;durchschnittlich;normal;nein
509;männlich;normal;natürlich;3;Englisch;Aufgaben orientiert;Du;;kurz;durchschnittlich;normal;nein
510;männlich;normal;natürlich;3;Englisch;Aufgaben orientiert;Du;;kurz;durchschnittlich;normal;nein
511;männlich;normal;natürlich;3;Englisch;Aufgaben orientiert;Du;;kurz;durchschnittlich;normal;nein
512;männlich;normal;natürlich;3;Englisch;Aufgaben orientiert;Du;;kurz;durchschnittlich;normal;nein
513;männlich;normal;natürlich;3;Englisch;Aufgaben orientiert;Du;;kurz;durchschnittlich;normal;nein
514;männlich;normal;natürlich;3;Englisch;Aufgaben orientiert;Du;;kurz;durchschnittlich;normal;nein
515;männlich;normal;natürlich;3;Englisch;Aufgaben orientiert;Du;;kurz;durchschnittlich;normal;nein
516;männlich;normal;natürlich;3;Englisch;Aufgaben orientiert;Du;;kurz;durchschnittlich;normal;nein
517;männlich;normal;natürlich;3;Englisch;Aufgaben orientiert;Du;;kurz;durchschnittlich;normal;nein
518;männlich;normal;natürlich;3;Englisch;Aufgaben orientiert;Du;;kurz;durchschnittlich;normal;nein
519;männlich;normal;natürlich;3;Englisch;Aufgaben orientiert;Du;;kurz;durchschnittlich;normal;nein
520;männlich;normal;natürlich;3;Englisch;Aufgaben orientiert;Du;;kurz;durchschnittlich;normal;nein
521;männlich;normal;natürlich;3;Englisch;Aufgaben orientiert;Du;;kurz;durchschnittlich;normal;ja
522;männlich;normal;natürlich;3;Englisch;Aufgaben orientiert;Du;;kurz;durchschnittlich;normal;ja
523;männlich;normal;natürlich;3;Englisch;Aufgaben orientiert;Du;;kurz;durchschnittlich;normal;ja
524;männlich;normal;natürlich;3;Englisch;Aufgaben orientiert;Du;;kurz;durchschnittlich;normal;ja
525;männlich;normal;natürlich;3;Englisch;Aufgaben orientiert;Du;;kurz;durchschnittlich;normal;ja
526;männlich;normal;natürlich;3;Englisch;Aufgaben orientiert;Du;;kurz;durchschnittlich;normal;ja
527;männlich;normal;natürlich;3;Englisch;Aufgaben orientiert;Du;;kurz;durchschnittlich;normal;ja
528;männlich;normal;natürlich;3;Englisch;Aufgaben orientiert;Du;;kurz;durchschnittlich;normal;ja
529;männlich;normal;natürlich;3;Englisch;Aufgaben orientiert;Du;;kurz;durchschnittlich;normal;ja
530;männlich;normal;natürlich;3;Englisch;Aufgaben orientiert;Du;;kurz;durchschnittlich;normal;ja
531;männlich;normal;natürlich;3;Englisch;Aufgaben orientiert;Du;;kurz;durchschnittlich;normal;ja
532;männlich;normal;natürlich;3;Englisch;Aufgaben orientiert;Du;;kurz;durchschnittlich;normal;ja
533;männlich;normal;natürlich;3;Englisch;Aufgaben orientiert;Du;;kurz;durchschnittlich;normal;ja
534;männlich;normal;natürlich;3;Englisch;Aufgaben orientiert;Du;;kurz;durchschnittlich;normal;ja
535;männlich;normal;natürlich;3;Englisch;Aufgaben orientiert;Du;;kurz;durchschnittlich;normal;ja
536;männlich;normal;natürlich;3;Englisch;Aufgaben orientiert;Du;;kurz;durchschnittlich;normal;ja
537;männlich;normal;natürlich;3;Englisch;Aufgaben orientiert;Du;;kurz;durchschnittlich;normal;ja
538;männlich;normal;natürlich;3;Englisch;Aufgaben orientiert;Du;;kurz;durchschnittlich;normal;ja
539;männlich;normal;natürlich;3;Englisch;Aufgaben orientiert;Du;;kurz;durchschnittlich;normal;ja
540;männlich;normal;natürlich;3;Englisch;Aufgaben orientiert;Du;;kurz;durchschnittlich;normal;ja
541;männlich;normal;natürlich;3;Englisch;Aufgaben orientiert;Du;;kurz;durchschnittlich;normal;nein
542;männlich;normal;natürlich;3;Englisch;Aufgaben orientiert;Du;;kurz;durchschnittlich;normal;nein
543;männlich;normal;natürlich;3;Englisch;Aufgaben orientiert;Du;;kurz;durchschnittlich;normal;nein
544;männlich;normal;natürlich;3;Englisch;Aufgaben orientiert;Du;;kurz;durchschnittlich;normal;nein
545;männlich;normal;natürlich;3;Englisch;Aufgaben orientiert;Du;;kurz;durchschnittlich;normal;nein
546;männlich;normal;natürlich;3;Englisch;Aufgaben orientiert;Du;;kurz;durchschnittlich;normal;nein
547;männlich;normal;natürlich;3;Englisch;Aufgaben orientiert;Du;;kurz;durchschnittlich;normal;nein
548;männlich;normal;natürlich;3;Englisch;Aufgaben orientiert;Du;;kurz;durchschnittlich;normal;nein
549;männlich;normal;natürlich;3;Englisch;Aufgaben orientiert;Du;;kurz;durchschnittlich;normal;nein
550;männlich;normal;natürlich;3;Englisch;Aufgaben orientiert;Du;;kurz;durchschnittlich;normal;nein
551;männlich;normal;natürlich;3;Englisch;Aufgaben orientiert;Du;;kurz;durchschnittlich;normal;nein
552;männlich;normal;natürlich;3;Englisch;Aufgaben orientiert;Du;;kurz;durchschnittlich;normal;nein
553;männlich;normal;natürlich;3;Englisch;Aufgaben orientiert;Du;;kurz;durchschnittlich;normal;nein
554;männlich;normal;natürlich;3;Englisch;Aufgaben orientiert;Du;;kurz;durchschnittlich;normal;nein
555;männlich;normal;natürlich;3;Englisch;Aufgaben orientiert;Du;;kurz;durchschnittlich;normal;nein
556;männlich;normal;natürlich;3;Englisch;Aufgaben orientiert;Du;;kurz;durchschnittlich;normal;nein
557;männlich;normal;natürlich;3;Englisch;Aufgaben orientiert;Du;;kurz;durchschnittlich;normal;ja
558;männlich;normal;natürlich;3;Englisch;Aufgaben orientiert;Du;;kurz;durchschnittlich;normal;ja
559;männlich;normal;natürlich;3;Englisch;Aufgaben orientiert;Du;;kurz;durchschnittlich;normal;ja
560;männlich;normal;natürlich;3;Englisch;Aufgaben orientiert;Du;;kurz;durchschnittlich;normal;ja
561;männlich;normal;natürlich;3;Englisch;Aufgaben orientiert;Du;;kurz;durchschnittlich;normal;ja
562;männlich;normal;natürlich;3;Englisch;Aufgaben orientiert;Du;;kurz;durchschnittlich;normal;ja
563;männlich;normal;natürlich;3;Englisch;Aufgaben orientiert;Du;;kurz;durchschnittlich;normal;ja
564;männlich;normal;natürlich;3;Englisch;Aufgaben orientiert;Du;;kurz;durchschnittlich;normal;ja
565;männlich;normal;natürlich;3;Englisch;Aufgaben orientiert;Du;;kurz;durchschnittlich;normal;ja
566;männlich;normal;natürlich;3;Englisch;Aufgaben orientiert;Du;;kurz;durchschnittlich;normal;ja
567;männlich;normal;natürlich;3;Englisch;Aufgaben orientiert;Du;;kurz;durchschnittlich;normal;ja
568;männlich;normal;natürlich;3;Englisch;Aufgaben orientiert;Du;;kurz;durchschnittlich;normal;ja
569;männlich;normal;natürlich;3;Englisch;Aufgaben orientiert;Du;;kurz;durchschnittlich;normal;ja
570;männlich;normal;natürlich;3;Englisch;Aufgaben orientiert;Du;;kurz;durchschnittlich;normal;ja
571;männlich;normal;natürlich;3;Englisch;Aufgaben orientiert;Du;;kurz;durchschnittlich;normal;ja
572;männlich;normal;natürlich;3;Englisch;Aufgaben orientiert;Du;;kurz;durchschnittlich;normal;ja
573;männlich;normal;natürlich;3;Englisch;Aufgaben orientiert;Du;;kurz;durchschnittlich;normal;ja
574;männlich;normal;natürlich;3;Englisch;Aufgaben orientiert;Du;;kurz;durchschnittlich;normal;ja
575;männlich;normal;natürlich;3;Englisch;Aufgaben orientiert;Du;;kurz;durchschnittlich;normal;ja
576;männlich;normal;natürlich;3;Englisch;Aufgaben orientiert;Du;;kurz;durchschnittlich;normal;ja
