ID;Geschlecht;Tonlage;Klang;Lautstaerke;Sprache;Gespraechsorientierung;Anrede;Satzpause;Sprechgeschwindigkeit;Satzlaenge;Ausdruck;alternative Keywords
1;maennlich;tief;natuerlich;3;Deutsch;Aufgaben orientiert;Du;kurz;langsam;vereinfacht;nein;
2;maennlich;tief;natuerlich;3;Deutsch;Aufgaben orientiert;Du;kurz;langsam;vereinfacht;nein;
3;maennlich;tief;natuerlich;3;Deutsch;Aufgaben orientiert;Du;kurz;langsam;vereinfacht;nein;
4;maennlich;tief;natuerlich;3;Deutsch;Aufgaben orientiert;Du;kurz;langsam;vereinfacht;nein;
5;maennlich;tief;natuerlich;3;Deutsch;Aufgaben orientiert;Du;kurz;langsam;vereinfacht;nein;
6;maennlich;tief;natuerlich;3;Deutsch;Aufgaben orientiert;Du;kurz;langsam;vereinfacht;nein;
7;maennlich;tief;natuerlich;3;Deutsch;Aufgaben orientiert;Du;kurz;langsam;vereinfacht;nein;
8;maennlich;tief;natuerlich;3;Deutsch;Aufgaben orientiert;Du;kurz;langsam;vereinfacht;nein;
9;maennlich;tief;natuerlich;3;Deutsch;Aufgaben orientiert;Du;kurz;langsam;vereinfacht;nein;
10;maennlich;tief;natuerlich;3;Deutsch;Aufgaben orientiert;Du;kurz;langsam;vereinfacht;nein;
11;maennlich;tief;natuerlich;3;Deutsch;Aufgaben orientiert;Du;kurz;langsam;vereinfacht;nein;
12;maennlich;tief;natuerlich;3;Deutsch;Aufgaben orientiert;Du;kurz;langsam;vereinfacht;nein;
13;maennlich;tief;natuerlich;3;Deutsch;Aufgaben orientiert;Du;kurz;langsam;vereinfacht;nein;
14;maennlich;tief;natuerlich;3;Deutsch;Aufgaben orientiert;Du;kurz;langsam;vereinfacht;nein;
15;maennlich;tief;natuerlich;3;Deutsch;Aufgaben orientiert;Du;kurz;langsam;vereinfacht;nein;
16;maennlich;tief;natuerlich;3;Deutsch;Aufgaben orientiert;Du;kurz;langsam;vereinfacht;nein;
17;maennlich;tief;natuerlich;3;Deutsch;Aufgaben orientiert;Du;kurz;langsam;vereinfacht;ja;
18;maennlich;tief;natuerlich;3;Deutsch;Aufgaben orientiert;Du;kurz;langsam;vereinfacht;ja;
19;maennlich;tief;natuerlich;3;Deutsch;Aufgaben orientiert;Du;kurz;langsam;vereinfacht;ja;
20;maennlich;tief;natuerlich;3;Deutsch;Aufgaben orientiert;Du;kurz;langsam;vereinfacht;ja;
21;maennlich;tief;natuerlich;3;Deutsch;Aufgaben orientiert;Du;kurz;langsam;vereinfacht;ja;
22;maennlich;tief;natuerlich;3;Deutsch;Aufgaben orientiert;Du;kurz;langsam;vereinfacht;ja;
23;maennlich;tief;natuerlich;3;Deutsch;Aufgaben orientiert;Du;kurz;langsam;vereinfacht;ja;
24;maennlich;tief;natuerlich;3;Deutsch;Aufgaben orientiert;Du;kurz;langsam;vereinfacht;ja;
25;maennlich;tief;natuerlich;3;Deutsch;Aufgaben orientiert;Du;kurz;langsam;vereinfacht;ja;
26;maennlich;tief;natuerlich;3;Deutsch;Aufgaben orientiert;Du;kurz;langsam;vereinfacht;ja;
27;maennlich;tief;natuerlich;3;Deutsch;Aufgaben orientiert;Du;kurz;langsam;vereinfacht;ja;
28;maennlich;tief;natuerlich;3;Deutsch;Aufgaben orientiert;Du;kurz;langsam;vereinfacht;ja;
29;maennlich;tief;natuerlich;3;Deutsch;Aufgaben orientiert;Du;kurz;langsam;vereinfacht;ja;
30;maennlich;tief;natuerlich;3;Deutsch;Aufgaben orientiert;Du;kurz;langsam;vereinfacht;ja;
31;maennlich;tief;natuerlich;3;Deutsch;Aufgaben orientiert;Du;kurz;langsam;vereinfacht;ja;
32;maennlich;tief;natuerlich;3;Deutsch;Aufgaben orientiert;Du;kurz;langsam;vereinfacht;ja;
33;maennlich;tief;natuerlich;3;Deutsch;Aufgaben orientiert;Du;kurz;langsam;vereinfacht;ja;
34;maennlich;tief;natuerlich;3;Deutsch;Aufgaben orientiert;Du;kurz;langsam;vereinfacht;ja;
35;maennlich;tief;natuerlich;3;Deutsch;Aufgaben orientiert;Du;kurz;langsam;vereinfacht;ja;
36;maennlich;tief;natuerlich;3;Deutsch;Aufgaben orientiert;Du;kurz;langsam;vereinfacht;ja;
37;maennlich;tief;natuerlich;3;Deutsch;Aufgaben orientiert;Du;kurz;langsam;vereinfacht;nein;
38;maennlich;tief;natuerlich;3;Deutsch;Aufgaben orientiert;Du;kurz;langsam;vereinfacht;nein;
39;maennlich;tief;natuerlich;3;Deutsch;Aufgaben orientiert;Du;kurz;langsam;vereinfacht;nein;
40;maennlich;tief;natuerlich;3;Deutsch;Aufgaben orientiert;Du;kurz;langsam;vereinfacht;nein;
41;maennlich;tief;natuerlich;3;Deutsch;Aufgaben orientiert;Du;kurz;langsam;vereinfacht;nein;
42;maennlich;tief;natuerlich;3;Deutsch;Aufgaben orientiert;Du;kurz;langsam;vereinfacht;nein;
43;maennlich;tief;natuerlich;3;Deutsch;Aufgaben orientiert;Du;kurz;langsam;vereinfacht;nein;
44;maennlich;tief;natuerlich;3;Deutsch;Aufgaben orientiert;Du;kurz;langsam;vereinfacht;nein;
45;maennlich;tief;natuerlich;3;Deutsch;Aufgaben orientiert;Du;kurz;langsam;vereinfacht;nein;
46;maennlich;tief;natuerlich;3;Deutsch;Aufgaben orientiert;Du;kurz;langsam;vereinfacht;nein;
47;maennlich;tief;natuerlich;3;Deutsch;Aufgaben orientiert;Du;kurz;langsam;vereinfacht;nein;
48;maennlich;tief;natuerlich;3;Deutsch;Aufgaben orientiert;Du;kurz;langsam;vereinfacht;nein;
49;maennlich;tief;natuerlich;3;Deutsch;Aufgaben orientiert;Du;kurz;langsam;vereinfacht;nein;
50;maennlich;tief;natuerlich;3;Deutsch;Aufgaben orientiert;Du;kurz;langsam;vereinfacht;nein;
51;maennlich;tief;natuerlich;3;Deutsch;Aufgaben orientiert;Du;kurz;langsam;vereinfacht;nein;
52;maennlich;tief;natuerlich;3;Deutsch;Aufgaben orientiert;Du;kurz;langsam;vereinfacht;nein;
53;maennlich;tief;natuerlich;3;Deutsch;Aufgaben orientiert;Du;kurz;langsam;vereinfacht;ja;
54;maennlich;tief;natuerlich;3;Deutsch;Aufgaben orientiert;Du;kurz;langsam;vereinfacht;ja;
55;maennlich;tief;natuerlich;3;Deutsch;Aufgaben orientiert;Du;kurz;langsam;vereinfacht;ja;
56;maennlich;tief;natuerlich;3;Deutsch;Aufgaben orientiert;Du;kurz;langsam;vereinfacht;ja;
57;maennlich;tief;natuerlich;3;Deutsch;Aufgaben orientiert;Du;kurz;langsam;vereinfacht;ja;
58;maennlich;tief;natuerlich;3;Deutsch;Aufgaben orientiert;Du;kurz;langsam;vereinfacht;ja;
59;maennlich;tief;natuerlich;3;Deutsch;Aufgaben orientiert;Du;kurz;langsam;vereinfacht;ja;
60;maennlich;tief;natuerlich;3;Deutsch;Aufgaben orientiert;Du;kurz;langsam;vereinfacht;ja;
61;maennlich;tief;natuerlich;3;Deutsch;Aufgaben orientiert;Du;kurz;langsam;vereinfacht;ja;
62;maennlich;tief;natuerlich;3;Deutsch;Aufgaben orientiert;Du;kurz;langsam;vereinfacht;ja;
63;maennlich;tief;natuerlich;3;Deutsch;Aufgaben orientiert;Du;kurz;langsam;vereinfacht;ja;
64;maennlich;tief;natuerlich;3;Deutsch;Aufgaben orientiert;Du;kurz;langsam;vereinfacht;ja;
65;maennlich;tief;natuerlich;3;Deutsch;Aufgaben orientiert;Du;kurz;langsam;vereinfacht;ja;
66;maennlich;tief;natuerlich;3;Deutsch;Aufgaben orientiert;Du;kurz;langsam;vereinfacht;ja;
67;maennlich;tief;natuerlich;3;Deutsch;Aufgaben orientiert;Du;kurz;langsam;vereinfacht;ja;
68;maennlich;tief;natuerlich;3;Deutsch;Aufgaben orientiert;Du;kurz;langsam;vereinfacht;ja;
69;maennlich;tief;natuerlich;3;Deutsch;Aufgaben orientiert;Du;kurz;langsam;vereinfacht;ja;
70;maennlich;tief;natuerlich;3;Deutsch;Aufgaben orientiert;Du;kurz;langsam;vereinfacht;ja;
71;maennlich;tief;natuerlich;3;Deutsch;Aufgaben orientiert;Du;kurz;langsam;vereinfacht;ja;
72;maennlich;tief;natuerlich;3;Deutsch;Aufgaben orientiert;Du;kurz;langsam;vereinfacht;ja;
73;maennlich;tief;natuerlich;3;Deutsch;Aufgaben orientiert;Du;kurz;langsam;vereinfacht;nein;
74;maennlich;tief;natuerlich;3;Deutsch;Aufgaben orientiert;Du;kurz;langsam;vereinfacht;nein;
75;maennlich;tief;natuerlich;3;Deutsch;Aufgaben orientiert;Du;kurz;langsam;vereinfacht;nein;
76;maennlich;tief;natuerlich;3;Deutsch;Aufgaben orientiert;Du;kurz;langsam;vereinfacht;nein;
77;maennlich;tief;natuerlich;3;Deutsch;Aufgaben orientiert;Du;kurz;langsam;vereinfacht;nein;
78;maennlich;tief;natuerlich;3;Deutsch;Aufgaben orientiert;Du;kurz;langsam;vereinfacht;nein;
79;maennlich;tief;natuerlich;3;Deutsch;Aufgaben orientiert;Du;kurz;langsam;vereinfacht;nein;
80;maennlich;tief;natuerlich;3;Deutsch;Aufgaben orientiert;Du;kurz;langsam;vereinfacht;nein;
81;maennlich;tief;natuerlich;3;Deutsch;Aufgaben orientiert;Du;kurz;langsam;vereinfacht;nein;
82;maennlich;tief;natuerlich;3;Deutsch;Aufgaben orientiert;Du;kurz;langsam;vereinfacht;nein;
83;maennlich;tief;natuerlich;3;Deutsch;Aufgaben orientiert;Du;kurz;langsam;vereinfacht;nein;
84;maennlich;tief;natuerlich;3;Deutsch;Aufgaben orientiert;Du;kurz;langsam;vereinfacht;nein;
85;maennlich;tief;natuerlich;3;Deutsch;Aufgaben orientiert;Du;kurz;langsam;vereinfacht;nein;
86;maennlich;tief;natuerlich;3;Deutsch;Aufgaben orientiert;Du;kurz;langsam;vereinfacht;nein;
87;maennlich;tief;natuerlich;3;Deutsch;Aufgaben orientiert;Du;kurz;langsam;vereinfacht;nein;
88;maennlich;tief;natuerlich;3;Deutsch;Aufgaben orientiert;Du;kurz;langsam;vereinfacht;nein;
89;maennlich;tief;natuerlich;3;Deutsch;Aufgaben orientiert;Du;kurz;langsam;vereinfacht;ja;
90;maennlich;tief;natuerlich;3;Deutsch;Aufgaben orientiert;Du;kurz;langsam;vereinfacht;ja;
91;maennlich;tief;natuerlich;3;Deutsch;Aufgaben orientiert;Du;kurz;langsam;vereinfacht;ja;
92;maennlich;tief;natuerlich;3;Deutsch;Aufgaben orientiert;Du;kurz;langsam;vereinfacht;ja;
93;maennlich;tief;natuerlich;3;Deutsch;Aufgaben orientiert;Du;kurz;langsam;vereinfacht;ja;
94;maennlich;tief;natuerlich;3;Deutsch;Aufgaben orientiert;Du;kurz;langsam;vereinfacht;ja;
95;maennlich;tief;natuerlich;3;Deutsch;Aufgaben orientiert;Du;kurz;langsam;vereinfacht;ja;
96;maennlich;tief;natuerlich;3;Deutsch;Aufgaben orientiert;Du;kurz;langsam;vereinfacht;ja;
97;maennlich;tief;natuerlich;3;Deutsch;Aufgaben orientiert;Du;kurz;langsam;vereinfacht;ja;
98;maennlich;tief;natuerlich;3;Deutsch;Aufgaben orientiert;Du;kurz;langsam;vereinfacht;ja;
99;maennlich;tief;natuerlich;3;Deutsch;Aufgaben orientiert;Du;kurz;langsam;vereinfacht;ja;
100;maennlich;tief;natuerlich;3;Deutsch;Aufgaben orientiert;Du;kurz;langsam;vereinfacht;ja;
101;maennlich;tief;natuerlich;3;Deutsch;Aufgaben orientiert;Du;kurz;langsam;vereinfacht;ja;
102;maennlich;tief;natuerlich;3;Deutsch;Aufgaben orientiert;Du;kurz;langsam;vereinfacht;ja;
103;maennlich;tief;natuerlich;3;Deutsch;Aufgaben orientiert;Du;kurz;langsam;vereinfacht;ja;
104;maennlich;tief;natuerlich;3;Deutsch;Aufgaben orientiert;Du;kurz;langsam;vereinfacht;ja;
105;maennlich;tief;natuerlich;3;Deutsch;Aufgaben orientiert;Du;kurz;langsam;vereinfacht;ja;
106;maennlich;tief;natuerlich;3;Deutsch;Aufgaben orientiert;Du;kurz;langsam;vereinfacht;ja;
107;maennlich;tief;natuerlich;3;Deutsch;Aufgaben orientiert;Du;kurz;langsam;vereinfacht;ja;
108;maennlich;tief;natuerlich;3;Deutsch;Aufgaben orientiert;Du;kurz;langsam;vereinfacht;ja;
109;maennlich;tief;natuerlich;3;Englisch;Aufgaben orientiert;Du;kurz;langsam;vereinfacht;nein;
110;maennlich;tief;natuerlich;3;Englisch;Aufgaben orientiert;Du;kurz;langsam;vereinfacht;nein;
111;maennlich;tief;natuerlich;3;Englisch;Aufgaben orientiert;Du;kurz;langsam;vereinfacht;nein;
112;maennlich;tief;natuerlich;3;Englisch;Aufgaben orientiert;Du;kurz;langsam;vereinfacht;nein;
113;maennlich;tief;natuerlich;3;Englisch;Aufgaben orientiert;Du;kurz;langsam;vereinfacht;nein;
114;maennlich;tief;natuerlich;3;Englisch;Aufgaben orientiert;Du;kurz;langsam;vereinfacht;nein;
115;maennlich;tief;natuerlich;3;Englisch;Aufgaben orientiert;Du;kurz;langsam;vereinfacht;nein;
116;maennlich;tief;natuerlich;3;Englisch;Aufgaben orientiert;Du;kurz;langsam;vereinfacht;nein;
117;maennlich;tief;natuerlich;3;Englisch;Aufgaben orientiert;Du;kurz;langsam;vereinfacht;nein;
118;maennlich;tief;natuerlich;3;Englisch;Aufgaben orientiert;Du;kurz;langsam;vereinfacht;nein;
119;maennlich;tief;natuerlich;3;Englisch;Aufgaben orientiert;Du;kurz;langsam;vereinfacht;nein;
120;maennlich;tief;natuerlich;3;Englisch;Aufgaben orientiert;Du;kurz;langsam;vereinfacht;nein;
121;maennlich;tief;natuerlich;3;Englisch;Aufgaben orientiert;Du;kurz;langsam;vereinfacht;nein;
122;maennlich;tief;natuerlich;3;Englisch;Aufgaben orientiert;Du;kurz;langsam;vereinfacht;nein;
123;maennlich;tief;natuerlich;3;Englisch;Aufgaben orientiert;Du;kurz;langsam;vereinfacht;nein;
124;maennlich;tief;natuerlich;3;Englisch;Aufgaben orientiert;Du;kurz;langsam;vereinfacht;nein;
125;maennlich;tief;natuerlich;3;Englisch;Aufgaben orientiert;Du;kurz;langsam;vereinfacht;ja;
126;maennlich;tief;natuerlich;3;Englisch;Aufgaben orientiert;Du;kurz;langsam;vereinfacht;ja;
127;maennlich;tief;natuerlich;3;Englisch;Aufgaben orientiert;Du;kurz;langsam;vereinfacht;ja;
128;maennlich;tief;natuerlich;3;Englisch;Aufgaben orientiert;Du;kurz;langsam;vereinfacht;ja;
129;maennlich;tief;natuerlich;3;Englisch;Aufgaben orientiert;Du;kurz;langsam;vereinfacht;ja;
130;maennlich;tief;natuerlich;3;Englisch;Aufgaben orientiert;Du;kurz;langsam;vereinfacht;ja;
131;maennlich;tief;natuerlich;3;Englisch;Aufgaben orientiert;Du;kurz;langsam;vereinfacht;ja;
132;maennlich;tief;natuerlich;3;Englisch;Aufgaben orientiert;Du;kurz;langsam;vereinfacht;ja;
133;maennlich;tief;natuerlich;3;Englisch;Aufgaben orientiert;Du;kurz;langsam;vereinfacht;ja;
134;maennlich;tief;natuerlich;3;Englisch;Aufgaben orientiert;Du;kurz;langsam;vereinfacht;ja;
135;maennlich;tief;natuerlich;3;Englisch;Aufgaben orientiert;Du;kurz;langsam;vereinfacht;ja;
136;maennlich;tief;natuerlich;3;Englisch;Aufgaben orientiert;Du;kurz;langsam;vereinfacht;ja;
137;maennlich;tief;natuerlich;3;Englisch;Aufgaben orientiert;Du;kurz;langsam;vereinfacht;ja;
138;maennlich;tief;natuerlich;3;Englisch;Aufgaben orientiert;Du;kurz;langsam;vereinfacht;ja;
139;maennlich;tief;natuerlich;3;Englisch;Aufgaben orientiert;Du;kurz;langsam;vereinfacht;ja;
140;maennlich;tief;natuerlich;3;Englisch;Aufgaben orientiert;Du;kurz;langsam;vereinfacht;ja;
141;maennlich;tief;natuerlich;3;Englisch;Aufgaben orientiert;Du;kurz;langsam;vereinfacht;ja;
142;maennlich;tief;natuerlich;3;Englisch;Aufgaben orientiert;Du;kurz;langsam;vereinfacht;ja;
143;maennlich;tief;natuerlich;3;Englisch;Aufgaben orientiert;Du;kurz;langsam;vereinfacht;ja;
144;maennlich;tief;natuerlich;3;Englisch;Aufgaben orientiert;Du;kurz;langsam;vereinfacht;ja;
145;maennlich;tief;natuerlich;3;Englisch;Aufgaben orientiert;Du;kurz;langsam;vereinfacht;nein;
146;maennlich;tief;natuerlich;3;Englisch;Aufgaben orientiert;Du;kurz;langsam;vereinfacht;nein;
147;maennlich;tief;natuerlich;3;Englisch;Aufgaben orientiert;Du;kurz;langsam;vereinfacht;nein;
148;maennlich;tief;natuerlich;3;Englisch;Aufgaben orientiert;Du;kurz;langsam;vereinfacht;nein;
149;maennlich;tief;natuerlich;3;Englisch;Aufgaben orientiert;Du;kurz;langsam;vereinfacht;nein;
150;maennlich;tief;natuerlich;3;Englisch;Aufgaben orientiert;Du;kurz;langsam;vereinfacht;nein;
151;maennlich;tief;natuerlich;3;Englisch;Aufgaben orientiert;Du;kurz;langsam;vereinfacht;nein;
152;maennlich;tief;natuerlich;3;Englisch;Aufgaben orientiert;Du;kurz;langsam;vereinfacht;nein;
153;maennlich;tief;natuerlich;3;Englisch;Aufgaben orientiert;Du;kurz;langsam;vereinfacht;nein;
154;maennlich;tief;natuerlich;3;Englisch;Aufgaben orientiert;Du;kurz;langsam;vereinfacht;nein;
155;maennlich;tief;natuerlich;3;Englisch;Aufgaben orientiert;Du;kurz;langsam;vereinfacht;nein;
156;maennlich;tief;natuerlich;3;Englisch;Aufgaben orientiert;Du;kurz;langsam;vereinfacht;nein;
157;maennlich;tief;natuerlich;3;Englisch;Aufgaben orientiert;Du;kurz;langsam;vereinfacht;nein;
158;maennlich;tief;natuerlich;3;Englisch;Aufgaben orientiert;Du;kurz;langsam;vereinfacht;nein;
159;maennlich;tief;natuerlich;3;Englisch;Aufgaben orientiert;Du;kurz;langsam;vereinfacht;nein;
160;maennlich;tief;natuerlich;3;Englisch;Aufgaben orientiert;Du;kurz;langsam;vereinfacht;nein;
161;maennlich;tief;natuerlich;3;Englisch;Aufgaben orientiert;Du;kurz;langsam;vereinfacht;ja;
162;maennlich;tief;natuerlich;3;Englisch;Aufgaben orientiert;Du;kurz;langsam;vereinfacht;ja;
163;maennlich;tief;natuerlich;3;Englisch;Aufgaben orientiert;Du;kurz;langsam;vereinfacht;ja;
164;maennlich;tief;natuerlich;3;Englisch;Aufgaben orientiert;Du;kurz;langsam;vereinfacht;ja;
165;maennlich;tief;natuerlich;3;Englisch;Aufgaben orientiert;Du;kurz;langsam;vereinfacht;ja;
166;maennlich;tief;natuerlich;3;Englisch;Aufgaben orientiert;Du;kurz;langsam;vereinfacht;ja;
167;maennlich;tief;natuerlich;3;Englisch;Aufgaben orientiert;Du;kurz;langsam;vereinfacht;ja;
168;maennlich;tief;natuerlich;3;Englisch;Aufgaben orientiert;Du;kurz;langsam;vereinfacht;ja;
169;maennlich;tief;natuerlich;3;Englisch;Aufgaben orientiert;Du;kurz;langsam;vereinfacht;ja;
170;maennlich;tief;natuerlich;3;Englisch;Aufgaben orientiert;Du;kurz;langsam;vereinfacht;ja;
171;maennlich;tief;natuerlich;3;Englisch;Aufgaben orientiert;Du;kurz;langsam;vereinfacht;ja;
172;maennlich;tief;natuerlich;3;Englisch;Aufgaben orientiert;Du;kurz;langsam;vereinfacht;ja;
173;maennlich;tief;natuerlich;3;Englisch;Aufgaben orientiert;Du;kurz;langsam;vereinfacht;ja;
174;maennlich;tief;natuerlich;3;Englisch;Aufgaben orientiert;Du;kurz;langsam;vereinfacht;ja;
175;maennlich;tief;natuerlich;3;Englisch;Aufgaben orientiert;Du;kurz;langsam;vereinfacht;ja;
176;maennlich;tief;natuerlich;3;Englisch;Aufgaben orientiert;Du;kurz;langsam;vereinfacht;ja;
177;maennlich;tief;natuerlich;3;Englisch;Aufgaben orientiert;Du;kurz;langsam;vereinfacht;ja;
178;maennlich;tief;natuerlich;3;Englisch;Aufgaben orientiert;Du;kurz;langsam;vereinfacht;ja;
179;maennlich;tief;natuerlich;3;Englisch;Aufgaben orientiert;Du;kurz;langsam;vereinfacht;ja;
180;maennlich;tief;natuerlich;3;Englisch;Aufgaben orientiert;Du;kurz;langsam;vereinfacht;ja;
181;maennlich;tief;natuerlich;3;Englisch;Aufgaben orientiert;Du;kurz;langsam;vereinfacht;nein;
182;maennlich;tief;natuerlich;3;Englisch;Aufgaben orientiert;Du;kurz;langsam;vereinfacht;nein;
183;maennlich;tief;natuerlich;3;Englisch;Aufgaben orientiert;Du;kurz;langsam;vereinfacht;nein;
184;maennlich;tief;natuerlich;3;Englisch;Aufgaben orientiert;Du;kurz;langsam;vereinfacht;nein;
185;maennlich;tief;natuerlich;3;Englisch;Aufgaben orientiert;Du;kurz;langsam;vereinfacht;nein;
186;maennlich;tief;natuerlich;3;Englisch;Aufgaben orientiert;Du;kurz;langsam;vereinfacht;nein;
187;maennlich;tief;natuerlich;3;Englisch;Aufgaben orientiert;Du;kurz;langsam;vereinfacht;nein;
188;maennlich;tief;natuerlich;3;Englisch;Aufgaben orientiert;Du;kurz;langsam;vereinfacht;nein;
189;maennlich;tief;natuerlich;3;Englisch;Aufgaben orientiert;Du;kurz;langsam;vereinfacht;nein;
190;maennlich;tief;natuerlich;3;Englisch;Aufgaben orientiert;Du;kurz;langsam;vereinfacht;nein;
191;maennlich;tief;natuerlich;3;Englisch;Aufgaben orientiert;Du;kurz;langsam;vereinfacht;nein;
192;maennlich;tief;natuerlich;3;Englisch;Aufgaben orientiert;Du;kurz;langsam;vereinfacht;nein;
193;maennlich;tief;natuerlich;3;Englisch;Aufgaben orientiert;Du;kurz;langsam;vereinfacht;nein;
194;maennlich;tief;natuerlich;3;Englisch;Aufgaben orientiert;Du;kurz;langsam;vereinfacht;nein;
195;maennlich;tief;natuerlich;3;Englisch;Aufgaben orientiert;Du;kurz;langsam;vereinfacht;nein;
196;maennlich;tief;natuerlich;3;Englisch;Aufgaben orientiert;Du;kurz;langsam;vereinfacht;nein;
197;maennlich;tief;natuerlich;3;Englisch;Aufgaben orientiert;Du;kurz;langsam;vereinfacht;ja;
198;maennlich;tief;natuerlich;3;Englisch;Aufgaben orientiert;Du;kurz;langsam;vereinfacht;ja;
199;maennlich;tief;natuerlich;3;Englisch;Aufgaben orientiert;Du;kurz;langsam;vereinfacht;ja;
200;maennlich;tief;natuerlich;3;Englisch;Aufgaben orientiert;Du;kurz;langsam;vereinfacht;ja;
201;maennlich;tief;natuerlich;3;Englisch;Aufgaben orientiert;Du;kurz;langsam;vereinfacht;ja;
202;maennlich;tief;natuerlich;3;Englisch;Aufgaben orientiert;Du;kurz;langsam;vereinfacht;ja;
203;maennlich;tief;natuerlich;3;Englisch;Aufgaben orientiert;Du;kurz;langsam;vereinfacht;ja;
204;maennlich;tief;natuerlich;3;Englisch;Aufgaben orientiert;Du;kurz;langsam;vereinfacht;ja;
205;maennlich;tief;natuerlich;3;Englisch;Aufgaben orientiert;Du;kurz;langsam;vereinfacht;ja;
206;maennlich;tief;natuerlich;3;Englisch;Aufgaben orientiert;Du;kurz;langsam;vereinfacht;ja;
207;maennlich;tief;natuerlich;3;Englisch;Aufgaben orientiert;Du;kurz;langsam;vereinfacht;ja;
208;maennlich;tief;natuerlich;3;Englisch;Aufgaben orientiert;Du;kurz;langsam;vereinfacht;ja;
209;maennlich;tief;natuerlich;3;Englisch;Aufgaben orientiert;Du;kurz;langsam;vereinfacht;ja;
210;maennlich;tief;natuerlich;3;Englisch;Aufgaben orientiert;Du;kurz;langsam;vereinfacht;ja;
211;maennlich;tief;natuerlich;3;Englisch;Aufgaben orientiert;Du;kurz;langsam;vereinfacht;ja;
212;maennlich;tief;natuerlich;3;Englisch;Aufgaben orientiert;Du;kurz;langsam;vereinfacht;ja;
213;maennlich;tief;natuerlich;3;Englisch;Aufgaben orientiert;Du;kurz;langsam;vereinfacht;ja;
214;maennlich;tief;natuerlich;3;Englisch;Aufgaben orientiert;Du;kurz;langsam;vereinfacht;ja;
215;maennlich;tief;natuerlich;3;Englisch;Aufgaben orientiert;Du;kurz;langsam;vereinfacht;ja;
216;maennlich;tief;natuerlich;3;Englisch;Aufgaben orientiert;Du;kurz;langsam;vereinfacht;ja;
217;maennlich;normal;natuerlich;3;Deutsch;Aufgaben orientiert;Du;kurz;durchschnittlich;normal;nein;
218;maennlich;normal;natuerlich;3;Deutsch;Aufgaben orientiert;Du;kurz;durchschnittlich;normal;nein;
219;maennlich;normal;natuerlich;3;Deutsch;Aufgaben orientiert;Du;kurz;durchschnittlich;normal;nein;
220;maennlich;normal;natuerlich;3;Deutsch;Aufgaben orientiert;Du;kurz;durchschnittlich;normal;nein;
221;maennlich;normal;natuerlich;3;Deutsch;Aufgaben orientiert;Du;kurz;durchschnittlich;normal;nein;
222;maennlich;normal;natuerlich;3;Deutsch;Aufgaben orientiert;Du;kurz;durchschnittlich;normal;nein;
223;maennlich;normal;natuerlich;3;Deutsch;Aufgaben orientiert;Du;kurz;durchschnittlich;normal;nein;
224;maennlich;normal;natuerlich;3;Deutsch;Aufgaben orientiert;Du;kurz;durchschnittlich;normal;nein;
225;maennlich;normal;natuerlich;3;Deutsch;Aufgaben orientiert;Du;kurz;durchschnittlich;normal;nein;
226;maennlich;normal;natuerlich;3;Deutsch;Aufgaben orientiert;Du;kurz;durchschnittlich;normal;nein;
227;maennlich;normal;natuerlich;3;Deutsch;Aufgaben orientiert;Du;kurz;durchschnittlich;normal;nein;
228;maennlich;normal;natuerlich;3;Deutsch;Aufgaben orientiert;Du;kurz;durchschnittlich;normal;nein;
229;maennlich;normal;natuerlich;3;Deutsch;Aufgaben orientiert;Du;kurz;durchschnittlich;normal;nein;
230;maennlich;normal;natuerlich;3;Deutsch;Aufgaben orientiert;Du;kurz;durchschnittlich;normal;nein;
231;maennlich;normal;natuerlich;3;Deutsch;Aufgaben orientiert;Du;kurz;durchschnittlich;normal;nein;
232;maennlich;normal;natuerlich;3;Deutsch;Aufgaben orientiert;Du;kurz;durchschnittlich;normal;nein;
233;maennlich;normal;natuerlich;3;Deutsch;Aufgaben orientiert;Du;kurz;durchschnittlich;normal;ja;
234;maennlich;normal;natuerlich;3;Deutsch;Aufgaben orientiert;Du;kurz;durchschnittlich;normal;ja;
235;maennlich;normal;natuerlich;3;Deutsch;Aufgaben orientiert;Du;kurz;durchschnittlich;normal;ja;
236;maennlich;normal;natuerlich;3;Deutsch;Aufgaben orientiert;Du;kurz;durchschnittlich;normal;ja;
237;maennlich;normal;natuerlich;3;Deutsch;Aufgaben orientiert;Du;kurz;durchschnittlich;normal;ja;
238;maennlich;normal;natuerlich;3;Deutsch;Aufgaben orientiert;Du;kurz;durchschnittlich;normal;ja;
239;maennlich;normal;natuerlich;3;Deutsch;Aufgaben orientiert;Du;kurz;durchschnittlich;normal;ja;
240;maennlich;normal;natuerlich;3;Deutsch;Aufgaben orientiert;Du;kurz;durchschnittlich;normal;ja;
241;maennlich;normal;natuerlich;3;Deutsch;Aufgaben orientiert;Du;kurz;durchschnittlich;normal;ja;
242;maennlich;normal;natuerlich;3;Deutsch;Aufgaben orientiert;Du;kurz;durchschnittlich;normal;ja;
243;maennlich;normal;natuerlich;3;Deutsch;Aufgaben orientiert;Du;kurz;durchschnittlich;normal;ja;
244;maennlich;normal;natuerlich;3;Deutsch;Aufgaben orientiert;Du;kurz;durchschnittlich;normal;ja;
245;maennlich;normal;natuerlich;3;Deutsch;Aufgaben orientiert;Du;kurz;durchschnittlich;normal;ja;
246;maennlich;normal;natuerlich;3;Deutsch;Aufgaben orientiert;Du;kurz;durchschnittlich;normal;ja;
247;maennlich;normal;natuerlich;3;Deutsch;Aufgaben orientiert;Du;kurz;durchschnittlich;normal;ja;
248;maennlich;normal;natuerlich;3;Deutsch;Aufgaben orientiert;Du;kurz;durchschnittlich;normal;ja;
249;maennlich;normal;natuerlich;3;Deutsch;Aufgaben orientiert;Du;kurz;durchschnittlich;normal;ja;
250;maennlich;normal;natuerlich;3;Deutsch;Aufgaben orientiert;Du;kurz;durchschnittlich;normal;ja;
251;maennlich;normal;natuerlich;3;Deutsch;Aufgaben orientiert;Du;kurz;durchschnittlich;normal;ja;
252;maennlich;normal;natuerlich;3;Deutsch;Aufgaben orientiert;Du;kurz;durchschnittlich;normal;ja;
253;maennlich;normal;natuerlich;3;Deutsch;Aufgaben orientiert;Du;kurz;durchschnittlich;normal;nein;
254;maennlich;normal;natuerlich;3;Deutsch;Aufgaben orientiert;Du;kurz;durchschnittlich;normal;nein;
255;maennlich;normal;natuerlich;3;Deutsch;Aufgaben orientiert;Du;kurz;durchschnittlich;normal;nein;
256;maennlich;normal;natuerlich;3;Deutsch;Aufgaben orientiert;Du;kurz;durchschnittlich;normal;nein;
257;maennlich;normal;natuerlich;3;Deutsch;Aufgaben orientiert;Du;kurz;durchschnittlich;normal;nein;
258;maennlich;normal;natuerlich;3;Deutsch;Aufgaben orientiert;Du;kurz;durchschnittlich;normal;nein;
259;maennlich;normal;natuerlich;3;Deutsch;Aufgaben orientiert;Du;kurz;durchschnittlich;normal;nein;
260;maennlich;normal;natuerlich;3;Deutsch;Aufgaben orientiert;Du;kurz;durchschnittlich;normal;nein;
261;maennlich;normal;natuerlich;3;Deutsch;Aufgaben orientiert;Du;kurz;durchschnittlich;normal;nein;
262;maennlich;normal;natuerlich;3;Deutsch;Aufgaben orientiert;Du;kurz;durchschnittlich;normal;nein;
263;maennlich;normal;natuerlich;3;Deutsch;Aufgaben orientiert;Du;kurz;durchschnittlich;normal;nein;
264;maennlich;normal;natuerlich;3;Deutsch;Aufgaben orientiert;Du;kurz;durchschnittlich;normal;nein;
265;maennlich;normal;natuerlich;3;Deutsch;Aufgaben orientiert;Du;kurz;durchschnittlich;normal;nein;
266;maennlich;normal;natuerlich;3;Deutsch;Aufgaben orientiert;Du;kurz;durchschnittlich;normal;nein;
267;maennlich;normal;natuerlich;3;Deutsch;Aufgaben orientiert;Du;kurz;durchschnittlich;normal;nein;
268;maennlich;normal;natuerlich;3;Deutsch;Aufgaben orientiert;Du;kurz;durchschnittlich;normal;nein;
269;maennlich;normal;natuerlich;3;Deutsch;Aufgaben orientiert;Du;kurz;durchschnittlich;normal;ja;
270;maennlich;normal;natuerlich;3;Deutsch;Aufgaben orientiert;Du;kurz;durchschnittlich;normal;ja;
271;maennlich;normal;natuerlich;3;Deutsch;Aufgaben orientiert;Du;kurz;durchschnittlich;normal;ja;
272;maennlich;normal;natuerlich;3;Deutsch;Aufgaben orientiert;Du;kurz;durchschnittlich;normal;ja;
273;maennlich;normal;natuerlich;3;Deutsch;Aufgaben orientiert;Du;kurz;durchschnittlich;normal;ja;
274;maennlich;normal;natuerlich;3;Deutsch;Aufgaben orientiert;Du;kurz;durchschnittlich;normal;ja;
275;maennlich;normal;natuerlich;3;Deutsch;Aufgaben orientiert;Du;kurz;durchschnittlich;normal;ja;
276;maennlich;normal;natuerlich;3;Deutsch;Aufgaben orientiert;Du;kurz;durchschnittlich;normal;ja;
277;maennlich;normal;natuerlich;3;Deutsch;Aufgaben orientiert;Du;kurz;durchschnittlich;normal;ja;
278;maennlich;normal;natuerlich;3;Deutsch;Aufgaben orientiert;Du;kurz;durchschnittlich;normal;ja;
279;maennlich;normal;natuerlich;3;Deutsch;Aufgaben orientiert;Du;kurz;durchschnittlich;normal;ja;
280;maennlich;normal;natuerlich;3;Deutsch;Aufgaben orientiert;Du;kurz;durchschnittlich;normal;ja;
281;maennlich;normal;natuerlich;3;Deutsch;Aufgaben orientiert;Du;kurz;durchschnittlich;normal;ja;
282;maennlich;normal;natuerlich;3;Deutsch;Aufgaben orientiert;Du;kurz;durchschnittlich;normal;ja;
283;maennlich;normal;natuerlich;3;Deutsch;Aufgaben orientiert;Du;kurz;durchschnittlich;normal;ja;
284;maennlich;normal;natuerlich;3;Deutsch;Aufgaben orientiert;Du;kurz;durchschnittlich;normal;ja;
285;maennlich;normal;natuerlich;3;Deutsch;Aufgaben orientiert;Du;kurz;durchschnittlich;normal;ja;
286;maennlich;normal;natuerlich;3;Deutsch;Aufgaben orientiert;Du;kurz;durchschnittlich;normal;ja;
287;maennlich;normal;natuerlich;3;Deutsch;Aufgaben orientiert;Du;kurz;durchschnittlich;normal;ja;
288;maennlich;normal;natuerlich;3;Deutsch;Aufgaben orientiert;Du;kurz;durchschnittlich;normal;ja;
289;maennlich;normal;natuerlich;3;Deutsch;Aufgaben orientiert;Du;kurz;durchschnittlich;normal;nein;
290;maennlich;normal;natuerlich;3;Deutsch;Aufgaben orientiert;Du;kurz;durchschnittlich;normal;nein;
291;maennlich;normal;natuerlich;3;Deutsch;Aufgaben orientiert;Du;kurz;durchschnittlich;normal;nein;
292;maennlich;normal;natuerlich;3;Deutsch;Aufgaben orientiert;Du;kurz;durchschnittlich;normal;nein;
293;maennlich;normal;natuerlich;3;Deutsch;Aufgaben orientiert;Du;kurz;durchschnittlich;normal;nein;
294;maennlich;normal;natuerlich;3;Deutsch;Aufgaben orientiert;Du;kurz;durchschnittlich;normal;nein;
295;maennlich;normal;natuerlich;3;Deutsch;Aufgaben orientiert;Du;kurz;durchschnittlich;normal;nein;
296;maennlich;normal;natuerlich;3;Deutsch;Aufgaben orientiert;Du;kurz;durchschnittlich;normal;nein;
297;maennlich;normal;natuerlich;3;Deutsch;Aufgaben orientiert;Du;kurz;durchschnittlich;normal;nein;
298;maennlich;normal;natuerlich;3;Deutsch;Aufgaben orientiert;Du;kurz;durchschnittlich;normal;nein;
299;maennlich;normal;natuerlich;3;Deutsch;Aufgaben orientiert;Du;kurz;durchschnittlich;normal;nein;
300;maennlich;normal;natuerlich;3;Deutsch;Aufgaben orientiert;Du;kurz;durchschnittlich;normal;nein;
301;maennlich;normal;natuerlich;3;Deutsch;Aufgaben orientiert;Du;kurz;durchschnittlich;normal;nein;
302;maennlich;normal;natuerlich;3;Deutsch;Aufgaben orientiert;Du;kurz;durchschnittlich;normal;nein;
303;maennlich;normal;natuerlich;3;Deutsch;Aufgaben orientiert;Du;kurz;durchschnittlich;normal;nein;
304;maennlich;normal;natuerlich;3;Deutsch;Aufgaben orientiert;Du;kurz;durchschnittlich;normal;nein;
305;maennlich;normal;natuerlich;3;Deutsch;Aufgaben orientiert;Du;kurz;durchschnittlich;normal;ja;
306;maennlich;normal;natuerlich;3;Deutsch;Aufgaben orientiert;Du;kurz;durchschnittlich;normal;ja;
307;maennlich;normal;natuerlich;3;Deutsch;Aufgaben orientiert;Du;kurz;durchschnittlich;normal;ja;
308;maennlich;normal;natuerlich;3;Deutsch;Aufgaben orientiert;Du;kurz;durchschnittlich;normal;ja;
309;maennlich;normal;natuerlich;3;Deutsch;Aufgaben orientiert;Du;kurz;durchschnittlich;normal;ja;
310;maennlich;normal;natuerlich;3;Deutsch;Aufgaben orientiert;Du;kurz;durchschnittlich;normal;ja;
311;maennlich;normal;natuerlich;3;Deutsch;Aufgaben orientiert;Du;kurz;durchschnittlich;normal;ja;
312;maennlich;normal;natuerlich;3;Deutsch;Aufgaben orientiert;Du;kurz;durchschnittlich;normal;ja;
313;maennlich;normal;natuerlich;3;Deutsch;Aufgaben orientiert;Du;kurz;durchschnittlich;normal;ja;
314;maennlich;normal;natuerlich;3;Deutsch;Aufgaben orientiert;Du;kurz;durchschnittlich;normal;ja;
315;maennlich;normal;natuerlich;3;Deutsch;Aufgaben orientiert;Du;kurz;durchschnittlich;normal;ja;
316;maennlich;normal;natuerlich;3;Deutsch;Aufgaben orientiert;Du;kurz;durchschnittlich;normal;ja;
317;maennlich;normal;natuerlich;3;Deutsch;Aufgaben orientiert;Du;kurz;durchschnittlich;normal;ja;
318;maennlich;normal;natuerlich;3;Deutsch;Aufgaben orientiert;Du;kurz;durchschnittlich;normal;ja;
319;maennlich;normal;natuerlich;3;Deutsch;Aufgaben orientiert;Du;kurz;durchschnittlich;normal;ja;
320;maennlich;normal;natuerlich;3;Deutsch;Aufgaben orientiert;Du;kurz;durchschnittlich;normal;ja;
321;maennlich;normal;natuerlich;3;Deutsch;Aufgaben orientiert;Du;kurz;durchschnittlich;normal;ja;
322;maennlich;normal;natuerlich;3;Deutsch;Aufgaben orientiert;Du;kurz;durchschnittlich;normal;ja;
323;maennlich;normal;natuerlich;3;Deutsch;Aufgaben orientiert;Du;kurz;durchschnittlich;normal;ja;
324;maennlich;normal;natuerlich;3;Deutsch;Aufgaben orientiert;Du;kurz;durchschnittlich;normal;ja;
325;maennlich;normal;natuerlich;3;Englisch;Aufgaben orientiert;Du;kurz;durchschnittlich;normal;nein;
326;maennlich;normal;natuerlich;3;Englisch;Aufgaben orientiert;Du;kurz;durchschnittlich;normal;nein;
327;maennlich;normal;natuerlich;3;Englisch;Aufgaben orientiert;Du;kurz;durchschnittlich;normal;nein;
328;maennlich;normal;natuerlich;3;Englisch;Aufgaben orientiert;Du;kurz;durchschnittlich;normal;nein;
329;maennlich;normal;natuerlich;3;Englisch;Aufgaben orientiert;Du;kurz;durchschnittlich;normal;nein;
330;maennlich;normal;natuerlich;3;Englisch;Aufgaben orientiert;Du;kurz;durchschnittlich;normal;nein;
331;maennlich;normal;natuerlich;3;Englisch;Aufgaben orientiert;Du;kurz;durchschnittlich;normal;nein;
332;maennlich;normal;natuerlich;3;Englisch;Aufgaben orientiert;Du;kurz;durchschnittlich;normal;nein;
333;maennlich;normal;natuerlich;3;Englisch;Aufgaben orientiert;Du;kurz;durchschnittlich;normal;nein;
334;maennlich;normal;natuerlich;3;Englisch;Aufgaben orientiert;Du;kurz;durchschnittlich;normal;nein;
335;maennlich;normal;natuerlich;3;Englisch;Aufgaben orientiert;Du;kurz;durchschnittlich;normal;nein;
336;maennlich;normal;natuerlich;3;Englisch;Aufgaben orientiert;Du;kurz;durchschnittlich;normal;nein;
337;maennlich;normal;natuerlich;3;Englisch;Aufgaben orientiert;Du;kurz;durchschnittlich;normal;nein;
338;maennlich;normal;natuerlich;3;Englisch;Aufgaben orientiert;Du;kurz;durchschnittlich;normal;nein;
339;maennlich;normal;natuerlich;3;Englisch;Aufgaben orientiert;Du;kurz;durchschnittlich;normal;nein;
340;maennlich;normal;natuerlich;3;Englisch;Aufgaben orientiert;Du;kurz;durchschnittlich;normal;nein;
341;maennlich;normal;natuerlich;3;Englisch;Aufgaben orientiert;Du;kurz;durchschnittlich;normal;ja;
342;maennlich;normal;natuerlich;3;Englisch;Aufgaben orientiert;Du;kurz;durchschnittlich;normal;ja;
343;maennlich;normal;natuerlich;3;Englisch;Aufgaben orientiert;Du;kurz;durchschnittlich;normal;ja;
344;maennlich;normal;natuerlich;3;Englisch;Aufgaben orientiert;Du;kurz;durchschnittlich;normal;ja;
345;maennlich;normal;natuerlich;3;Englisch;Aufgaben orientiert;Du;kurz;durchschnittlich;normal;ja;
346;maennlich;normal;natuerlich;3;Englisch;Aufgaben orientiert;Du;kurz;durchschnittlich;normal;ja;
347;maennlich;normal;natuerlich;3;Englisch;Aufgaben orientiert;Du;kurz;durchschnittlich;normal;ja;
348;maennlich;normal;natuerlich;3;Englisch;Aufgaben orientiert;Du;kurz;durchschnittlich;normal;ja;
349;maennlich;normal;natuerlich;3;Englisch;Aufgaben orientiert;Du;kurz;durchschnittlich;normal;ja;
350;maennlich;normal;natuerlich;3;Englisch;Aufgaben orientiert;Du;kurz;durchschnittlich;normal;ja;
351;maennlich;normal;natuerlich;3;Englisch;Aufgaben orientiert;Du;kurz;durchschnittlich;normal;ja;
352;maennlich;normal;natuerlich;3;Englisch;Aufgaben orientiert;Du;kurz;durchschnittlich;normal;ja;
353;maennlich;normal;natuerlich;3;Englisch;Aufgaben orientiert;Du;kurz;durchschnittlich;normal;ja;
354;maennlich;normal;natuerlich;3;Englisch;Aufgaben orientiert;Du;kurz;durchschnittlich;normal;ja;
355;maennlich;normal;natuerlich;3;Englisch;Aufgaben orientiert;Du;kurz;durchschnittlich;normal;ja;
356;maennlich;normal;natuerlich;3;Englisch;Aufgaben orientiert;Du;kurz;durchschnittlich;normal;ja;
357;maennlich;normal;natuerlich;3;Englisch;Aufgaben orientiert;Du;kurz;durchschnittlich;normal;ja;
358;maennlich;normal;natuerlich;3;Englisch;Aufgaben orientiert;Du;kurz;durchschnittlich;normal;ja;
359;maennlich;normal;natuerlich;3;Englisch;Aufgaben orientiert;Du;kurz;durchschnittlich;normal;ja;
360;maennlich;normal;natuerlich;3;Englisch;Aufgaben orientiert;Du;kurz;durchschnittlich;normal;ja;
361;maennlich;normal;natuerlich;3;Englisch;Aufgaben orientiert;Du;kurz;durchschnittlich;normal;nein;
362;maennlich;normal;natuerlich;3;Englisch;Aufgaben orientiert;Du;kurz;durchschnittlich;normal;nein;
363;maennlich;normal;natuerlich;3;Englisch;Aufgaben orientiert;Du;kurz;durchschnittlich;normal;nein;
364;maennlich;normal;natuerlich;3;Englisch;Aufgaben orientiert;Du;kurz;durchschnittlich;normal;nein;
365;maennlich;normal;natuerlich;3;Englisch;Aufgaben orientiert;Du;kurz;durchschnittlich;normal;nein;
366;maennlich;normal;natuerlich;3;Englisch;Aufgaben orientiert;Du;kurz;durchschnittlich;normal;nein;
367;maennlich;normal;natuerlich;3;Englisch;Aufgaben orientiert;Du;kurz;durchschnittlich;normal;nein;
368;maennlich;normal;natuerlich;3;Englisch;Aufgaben orientiert;Du;kurz;durchschnittlich;normal;nein;
369;maennlich;normal;natuerlich;3;Englisch;Aufgaben orientiert;Du;kurz;durchschnittlich;normal;nein;
370;maennlich;normal;natuerlich;3;Englisch;Aufgaben orientiert;Du;kurz;durchschnittlich;normal;nein;
371;maennlich;normal;natuerlich;3;Englisch;Aufgaben orientiert;Du;kurz;durchschnittlich;normal;nein;
372;maennlich;normal;natuerlich;3;Englisch;Aufgaben orientiert;Du;kurz;durchschnittlich;normal;nein;
373;maennlich;normal;natuerlich;3;Englisch;Aufgaben orientiert;Du;kurz;durchschnittlich;normal;nein;
374;maennlich;normal;natuerlich;3;Englisch;Aufgaben orientiert;Du;kurz;durchschnittlich;normal;nein;
375;maennlich;normal;natuerlich;3;Englisch;Aufgaben orientiert;Du;kurz;durchschnittlich;normal;nein;
376;maennlich;normal;natuerlich;3;Englisch;Aufgaben orientiert;Du;kurz;durchschnittlich;normal;nein;
377;maennlich;normal;natuerlich;3;Englisch;Aufgaben orientiert;Du;kurz;durchschnittlich;normal;ja;
378;maennlich;normal;natuerlich;3;Englisch;Aufgaben orientiert;Du;kurz;durchschnittlich;normal;ja;
379;maennlich;normal;natuerlich;3;Englisch;Aufgaben orientiert;Du;kurz;durchschnittlich;normal;ja;
380;maennlich;normal;natuerlich;3;Englisch;Aufgaben orientiert;Du;kurz;durchschnittlich;normal;ja;
381;maennlich;normal;natuerlich;3;Englisch;Aufgaben orientiert;Du;kurz;durchschnittlich;normal;ja;
382;maennlich;normal;natuerlich;3;Englisch;Aufgaben orientiert;Du;kurz;durchschnittlich;normal;ja;
383;maennlich;normal;natuerlich;3;Englisch;Aufgaben orientiert;Du;kurz;durchschnittlich;normal;ja;
384;maennlich;normal;natuerlich;3;Englisch;Aufgaben orientiert;Du;kurz;durchschnittlich;normal;ja;
385;maennlich;normal;natuerlich;3;Englisch;Aufgaben orientiert;Du;kurz;durchschnittlich;normal;ja;
386;maennlich;normal;natuerlich;3;Englisch;Aufgaben orientiert;Du;kurz;durchschnittlich;normal;ja;
387;maennlich;normal;natuerlich;3;Englisch;Aufgaben orientiert;Du;kurz;durchschnittlich;normal;ja;
388;maennlich;normal;natuerlich;3;Englisch;Aufgaben orientiert;Du;kurz;durchschnittlich;normal;ja;
389;maennlich;normal;natuerlich;3;Englisch;Aufgaben orientiert;Du;kurz;durchschnittlich;normal;ja;
390;maennlich;normal;natuerlich;3;Englisch;Aufgaben orientiert;Du;kurz;durchschnittlich;normal;ja;
391;maennlich;normal;natuerlich;3;Englisch;Aufgaben orientiert;Du;kurz;durchschnittlich;normal;ja;
392;maennlich;normal;natuerlich;3;Englisch;Aufgaben orientiert;Du;kurz;durchschnittlich;normal;ja;
393;maennlich;normal;natuerlich;3;Englisch;Aufgaben orientiert;Du;kurz;durchschnittlich;normal;ja;
394;maennlich;normal;natuerlich;3;Englisch;Aufgaben orientiert;Du;kurz;durchschnittlich;normal;ja;
395;maennlich;normal;natuerlich;3;Englisch;Aufgaben orientiert;Du;kurz;durchschnittlich;normal;ja;
396;maennlich;normal;natuerlich;3;Englisch;Aufgaben orientiert;Du;kurz;durchschnittlich;normal;ja;
397;maennlich;normal;natuerlich;3;Englisch;Aufgaben orientiert;Du;kurz;durchschnittlich;normal;nein;
398;maennlich;normal;natuerlich;3;Englisch;Aufgaben orientiert;Du;kurz;durchschnittlich;normal;nein;
399;maennlich;normal;natuerlich;3;Englisch;Aufgaben orientiert;Du;kurz;durchschnittlich;normal;nein;
400;maennlich;normal;natuerlich;3;Englisch;Aufgaben orientiert;Du;kurz;durchschnittlich;normal;nein;
401;maennlich;normal;natuerlich;3;Englisch;Aufgaben orientiert;Du;kurz;durchschnittlich;normal;nein;
402;maennlich;normal;natuerlich;3;Englisch;Aufgaben orientiert;Du;kurz;durchschnittlich;normal;nein;
403;maennlich;normal;natuerlich;3;Englisch;Aufgaben orientiert;Du;kurz;durchschnittlich;normal;nein;
404;maennlich;normal;natuerlich;3;Englisch;Aufgaben orientiert;Du;kurz;durchschnittlich;normal;nein;
405;maennlich;normal;natuerlich;3;Englisch;Aufgaben orientiert;Du;kurz;durchschnittlich;normal;nein;
406;maennlich;normal;natuerlich;3;Englisch;Aufgaben orientiert;Du;kurz;durchschnittlich;normal;nein;
407;maennlich;normal;natuerlich;3;Englisch;Aufgaben orientiert;Du;kurz;durchschnittlich;normal;nein;
408;maennlich;normal;natuerlich;3;Englisch;Aufgaben orientiert;Du;kurz;durchschnittlich;normal;nein;
409;maennlich;normal;natuerlich;3;Englisch;Aufgaben orientiert;Du;kurz;durchschnittlich;normal;nein;
410;maennlich;normal;natuerlich;3;Englisch;Aufgaben orientiert;Du;kurz;durchschnittlich;normal;nein;
411;maennlich;normal;natuerlich;3;Englisch;Aufgaben orientiert;Du;kurz;durchschnittlich;normal;nein;
412;maennlich;normal;natuerlich;3;Englisch;Aufgaben orientiert;Du;kurz;durchschnittlich;normal;nein;
413;maennlich;normal;natuerlich;3;Englisch;Aufgaben orientiert;Du;kurz;durchschnittlich;normal;ja;
414;maennlich;normal;natuerlich;3;Englisch;Aufgaben orientiert;Du;kurz;durchschnittlich;normal;ja;
415;maennlich;normal;natuerlich;3;Englisch;Aufgaben orientiert;Du;kurz;durchschnittlich;normal;ja;
416;maennlich;normal;natuerlich;3;Englisch;Aufgaben orientiert;Du;kurz;durchschnittlich;normal;ja;
417;maennlich;normal;natuerlich;3;Englisch;Aufgaben orientiert;Du;kurz;durchschnittlich;normal;ja;
418;maennlich;normal;natuerlich;3;Englisch;Aufgaben orientiert;Du;kurz;durchschnittlich;normal;ja;
419;maennlich;normal;natuerlich;3;Englisch;Aufgaben orientiert;Du;kurz;durchschnittlich;normal;ja;
420;maennlich;normal;natuerlich;3;Englisch;Aufgaben orientiert;Du;kurz;durchschnittlich;normal;ja;
421;maennlich;normal;natuerlich;3;Englisch;Aufgaben orientiert;Du;kurz;durchschnittlich;normal;ja;
422;maennlich;normal;natuerlich;3;Englisch;Aufgaben orientiert;Du;kurz;durchschnittlich;normal;ja;
423;maennlich;normal;natuerlich;3;Englisch;Aufgaben orientiert;Du;kurz;durchschnittlich;normal;ja;
424;maennlich;normal;natuerlich;3;Englisch;Aufgaben orientiert;Du;kurz;durchschnittlich;normal;ja;
425;maennlich;normal;natuerlich;3;Englisch;Aufgaben orientiert;Du;kurz;durchschnittlich;normal;ja;
426;maennlich;normal;natuerlich;3;Englisch;Aufgaben orientiert;Du;kurz;durchschnittlich;normal;ja;
427;maennlich;normal;natuerlich;3;Englisch;Aufgaben orientiert;Du;kurz;durchschnittlich;normal;ja;
428;maennlich;normal;natuerlich;3;Englisch;Aufgaben orientiert;Du;kurz;durchschnittlich;normal;ja;
429;maennlich;normal;natuerlich;3;Englisch;Aufgaben orientiert;Du;kurz;durchschnittlich;normal;ja;
430;maennlich;normal;natuerlich;3;Englisch;Aufgaben orientiert;Du;kurz;durchschnittlich;normal;ja;
431;maennlich;normal;natuerlich;3;Englisch;Aufgaben orientiert;Du;kurz;durchschnittlich;normal;ja;
432;maennlich;normal;natuerlich;3;Englisch;Aufgaben orientiert;Du;kurz;durchschnittlich;normal;ja;
433;maennlich;tief;natuerlich;3;Deutsch;Aufgaben orientiert;Du;kurz;langsam;vereinfacht;nein;
434;maennlich;tief;natuerlich;3;Deutsch;Aufgaben orientiert;Du;kurz;langsam;vereinfacht;nein;
435;maennlich;tief;natuerlich;3;Deutsch;Aufgaben orientiert;Du;kurz;langsam;vereinfacht;nein;
436;maennlich;tief;natuerlich;3;Deutsch;Aufgaben orientiert;Du;kurz;langsam;vereinfacht;nein;
437;maennlich;tief;natuerlich;3;Deutsch;Aufgaben orientiert;Du;kurz;langsam;vereinfacht;nein;
438;maennlich;tief;natuerlich;3;Deutsch;Aufgaben orientiert;Du;kurz;langsam;vereinfacht;nein;
439;maennlich;tief;natuerlich;3;Deutsch;Aufgaben orientiert;Du;kurz;langsam;vereinfacht;nein;
440;maennlich;tief;natuerlich;3;Deutsch;Aufgaben orientiert;Du;kurz;langsam;vereinfacht;nein;
441;maennlich;tief;natuerlich;3;Deutsch;Aufgaben orientiert;Du;kurz;langsam;vereinfacht;nein;
442;maennlich;tief;natuerlich;3;Deutsch;Aufgaben orientiert;Du;kurz;langsam;vereinfacht;nein;
443;maennlich;tief;natuerlich;3;Deutsch;Aufgaben orientiert;Du;kurz;langsam;vereinfacht;nein;
444;maennlich;tief;natuerlich;3;Deutsch;Aufgaben orientiert;Du;kurz;langsam;vereinfacht;nein;
445;maennlich;tief;natuerlich;3;Deutsch;Aufgaben orientiert;Du;kurz;langsam;vereinfacht;nein;
446;maennlich;tief;natuerlich;3;Deutsch;Aufgaben orientiert;Du;kurz;langsam;vereinfacht;nein;
447;maennlich;tief;natuerlich;3;Deutsch;Aufgaben orientiert;Du;kurz;langsam;vereinfacht;nein;
448;maennlich;tief;natuerlich;3;Deutsch;Aufgaben orientiert;Du;kurz;langsam;vereinfacht;nein;
449;maennlich;tief;natuerlich;3;Deutsch;Aufgaben orientiert;Du;kurz;langsam;vereinfacht;ja;
450;maennlich;tief;natuerlich;3;Deutsch;Aufgaben orientiert;Du;kurz;langsam;vereinfacht;ja;
451;maennlich;tief;natuerlich;3;Deutsch;Aufgaben orientiert;Du;kurz;langsam;vereinfacht;ja;
452;maennlich;tief;natuerlich;3;Deutsch;Aufgaben orientiert;Du;kurz;langsam;vereinfacht;ja;
453;maennlich;tief;natuerlich;3;Deutsch;Aufgaben orientiert;Du;kurz;langsam;vereinfacht;ja;
454;maennlich;tief;natuerlich;3;Deutsch;Aufgaben orientiert;Du;kurz;langsam;vereinfacht;ja;
455;maennlich;tief;natuerlich;3;Deutsch;Aufgaben orientiert;Du;kurz;langsam;vereinfacht;ja;
456;maennlich;tief;natuerlich;3;Deutsch;Aufgaben orientiert;Du;kurz;langsam;vereinfacht;ja;
457;maennlich;tief;natuerlich;3;Deutsch;Aufgaben orientiert;Du;kurz;langsam;vereinfacht;ja;
458;maennlich;tief;natuerlich;3;Deutsch;Aufgaben orientiert;Du;kurz;langsam;vereinfacht;ja;
459;maennlich;tief;natuerlich;3;Deutsch;Aufgaben orientiert;Du;kurz;langsam;vereinfacht;ja;
460;maennlich;tief;natuerlich;3;Deutsch;Aufgaben orientiert;Du;kurz;langsam;vereinfacht;ja;
461;maennlich;tief;natuerlich;3;Deutsch;Aufgaben orientiert;Du;kurz;langsam;vereinfacht;ja;
462;maennlich;tief;natuerlich;3;Deutsch;Aufgaben orientiert;Du;kurz;langsam;vereinfacht;ja;
463;maennlich;tief;natuerlich;3;Deutsch;Aufgaben orientiert;Du;kurz;langsam;vereinfacht;ja;
464;maennlich;tief;natuerlich;3;Deutsch;Aufgaben orientiert;Du;kurz;langsam;vereinfacht;ja;
465;maennlich;tief;natuerlich;3;Deutsch;Aufgaben orientiert;Du;kurz;langsam;vereinfacht;ja;
466;maennlich;tief;natuerlich;3;Deutsch;Aufgaben orientiert;Du;kurz;langsam;vereinfacht;ja;
467;maennlich;tief;natuerlich;3;Deutsch;Aufgaben orientiert;Du;kurz;langsam;vereinfacht;ja;
468;maennlich;tief;natuerlich;3;Deutsch;Aufgaben orientiert;Du;kurz;langsam;vereinfacht;ja;
469;maennlich;tief;natuerlich;3;Deutsch;Aufgaben orientiert;Du;kurz;langsam;vereinfacht;nein;
470;maennlich;tief;natuerlich;3;Deutsch;Aufgaben orientiert;Du;kurz;langsam;vereinfacht;nein;
471;maennlich;tief;natuerlich;3;Deutsch;Aufgaben orientiert;Du;kurz;langsam;vereinfacht;nein;
472;maennlich;tief;natuerlich;3;Deutsch;Aufgaben orientiert;Du;kurz;langsam;vereinfacht;nein;
473;maennlich;tief;natuerlich;3;Deutsch;Aufgaben orientiert;Du;kurz;langsam;vereinfacht;nein;
474;maennlich;tief;natuerlich;3;Deutsch;Aufgaben orientiert;Du;kurz;langsam;vereinfacht;nein;
475;maennlich;tief;natuerlich;3;Deutsch;Aufgaben orientiert;Du;kurz;langsam;vereinfacht;nein;
476;maennlich;tief;natuerlich;3;Deutsch;Aufgaben orientiert;Du;kurz;langsam;vereinfacht;nein;
477;maennlich;tief;natuerlich;3;Deutsch;Aufgaben orientiert;Du;kurz;langsam;vereinfacht;nein;
478;maennlich;tief;natuerlich;3;Deutsch;Aufgaben orientiert;Du;kurz;langsam;vereinfacht;nein;
479;maennlich;tief;natuerlich;3;Deutsch;Aufgaben orientiert;Du;kurz;langsam;vereinfacht;nein;
480;maennlich;tief;natuerlich;3;Deutsch;Aufgaben orientiert;Du;kurz;langsam;vereinfacht;nein;
481;maennlich;tief;natuerlich;3;Deutsch;Aufgaben orientiert;Du;kurz;langsam;vereinfacht;nein;
482;maennlich;tief;natuerlich;3;Deutsch;Aufgaben orientiert;Du;kurz;langsam;vereinfacht;nein;
483;maennlich;tief;natuerlich;3;Deutsch;Aufgaben orientiert;Du;kurz;langsam;vereinfacht;nein;
484;maennlich;tief;natuerlich;3;Deutsch;Aufgaben orientiert;Du;kurz;langsam;vereinfacht;nein;
485;maennlich;tief;natuerlich;3;Deutsch;Aufgaben orientiert;Du;kurz;langsam;vereinfacht;ja;
486;maennlich;tief;natuerlich;3;Deutsch;Aufgaben orientiert;Du;kurz;langsam;vereinfacht;ja;
487;maennlich;tief;natuerlich;3;Deutsch;Aufgaben orientiert;Du;kurz;langsam;vereinfacht;ja;
488;maennlich;tief;natuerlich;3;Deutsch;Aufgaben orientiert;Du;kurz;langsam;vereinfacht;ja;
489;maennlich;tief;natuerlich;3;Deutsch;Aufgaben orientiert;Du;kurz;langsam;vereinfacht;ja;
490;maennlich;tief;natuerlich;3;Deutsch;Aufgaben orientiert;Du;kurz;langsam;vereinfacht;ja;
491;maennlich;tief;natuerlich;3;Deutsch;Aufgaben orientiert;Du;kurz;langsam;vereinfacht;ja;
492;maennlich;tief;natuerlich;3;Deutsch;Aufgaben orientiert;Du;kurz;langsam;vereinfacht;ja;
493;maennlich;tief;natuerlich;3;Deutsch;Aufgaben orientiert;Du;kurz;langsam;vereinfacht;ja;
494;maennlich;tief;natuerlich;3;Deutsch;Aufgaben orientiert;Du;kurz;langsam;vereinfacht;ja;
495;maennlich;tief;natuerlich;3;Deutsch;Aufgaben orientiert;Du;kurz;langsam;vereinfacht;ja;
496;maennlich;tief;natuerlich;3;Deutsch;Aufgaben orientiert;Du;kurz;langsam;vereinfacht;ja;
497;maennlich;tief;natuerlich;3;Deutsch;Aufgaben orientiert;Du;kurz;langsam;vereinfacht;ja;
498;maennlich;tief;natuerlich;3;Deutsch;Aufgaben orientiert;Du;kurz;langsam;vereinfacht;ja;
499;maennlich;tief;natuerlich;3;Deutsch;Aufgaben orientiert;Du;kurz;langsam;vereinfacht;ja;
500;maennlich;tief;natuerlich;3;Deutsch;Aufgaben orientiert;Du;kurz;langsam;vereinfacht;ja;
501;maennlich;tief;natuerlich;3;Deutsch;Aufgaben orientiert;Du;kurz;langsam;vereinfacht;ja;
502;maennlich;tief;natuerlich;3;Deutsch;Aufgaben orientiert;Du;kurz;langsam;vereinfacht;ja;
503;maennlich;tief;natuerlich;3;Deutsch;Aufgaben orientiert;Du;kurz;langsam;vereinfacht;ja;
504;maennlich;tief;natuerlich;3;Deutsch;Aufgaben orientiert;Du;kurz;langsam;vereinfacht;ja;
505;maennlich;tief;natuerlich;3;Deutsch;Aufgaben orientiert;Du;kurz;langsam;vereinfacht;nein;
506;maennlich;tief;natuerlich;3;Deutsch;Aufgaben orientiert;Du;kurz;langsam;vereinfacht;nein;
507;maennlich;tief;natuerlich;3;Deutsch;Aufgaben orientiert;Du;kurz;langsam;vereinfacht;nein;
508;maennlich;tief;natuerlich;3;Deutsch;Aufgaben orientiert;Du;kurz;langsam;vereinfacht;nein;
509;maennlich;tief;natuerlich;3;Deutsch;Aufgaben orientiert;Du;kurz;langsam;vereinfacht;nein;
510;maennlich;tief;natuerlich;3;Deutsch;Aufgaben orientiert;Du;kurz;langsam;vereinfacht;nein;
511;maennlich;tief;natuerlich;3;Deutsch;Aufgaben orientiert;Du;kurz;langsam;vereinfacht;nein;
512;maennlich;tief;natuerlich;3;Deutsch;Aufgaben orientiert;Du;kurz;langsam;vereinfacht;nein;
513;maennlich;tief;natuerlich;3;Deutsch;Aufgaben orientiert;Du;kurz;langsam;vereinfacht;nein;
514;maennlich;tief;natuerlich;3;Deutsch;Aufgaben orientiert;Du;kurz;langsam;vereinfacht;nein;
515;maennlich;tief;natuerlich;3;Deutsch;Aufgaben orientiert;Du;kurz;langsam;vereinfacht;nein;
516;maennlich;tief;natuerlich;3;Deutsch;Aufgaben orientiert;Du;kurz;langsam;vereinfacht;nein;
517;maennlich;tief;natuerlich;3;Deutsch;Aufgaben orientiert;Du;kurz;langsam;vereinfacht;nein;
518;maennlich;tief;natuerlich;3;Deutsch;Aufgaben orientiert;Du;kurz;langsam;vereinfacht;nein;
519;maennlich;tief;natuerlich;3;Deutsch;Aufgaben orientiert;Du;kurz;langsam;vereinfacht;nein;
520;maennlich;tief;natuerlich;3;Deutsch;Aufgaben orientiert;Du;kurz;langsam;vereinfacht;nein;
521;maennlich;tief;natuerlich;3;Deutsch;Aufgaben orientiert;Du;kurz;langsam;vereinfacht;ja;
522;maennlich;tief;natuerlich;3;Deutsch;Aufgaben orientiert;Du;kurz;langsam;vereinfacht;ja;
523;maennlich;tief;natuerlich;3;Deutsch;Aufgaben orientiert;Du;kurz;langsam;vereinfacht;ja;
524;maennlich;tief;natuerlich;3;Deutsch;Aufgaben orientiert;Du;kurz;langsam;vereinfacht;ja;
525;maennlich;tief;natuerlich;3;Deutsch;Aufgaben orientiert;Du;kurz;langsam;vereinfacht;ja;
526;maennlich;tief;natuerlich;3;Deutsch;Aufgaben orientiert;Du;kurz;langsam;vereinfacht;ja;
527;maennlich;tief;natuerlich;3;Deutsch;Aufgaben orientiert;Du;kurz;langsam;vereinfacht;ja;
528;maennlich;tief;natuerlich;3;Deutsch;Aufgaben orientiert;Du;kurz;langsam;vereinfacht;ja;
529;maennlich;tief;natuerlich;3;Deutsch;Aufgaben orientiert;Du;kurz;langsam;vereinfacht;ja;
530;maennlich;tief;natuerlich;3;Deutsch;Aufgaben orientiert;Du;kurz;langsam;vereinfacht;ja;
531;maennlich;tief;natuerlich;3;Deutsch;Aufgaben orientiert;Du;kurz;langsam;vereinfacht;ja;
532;maennlich;tief;natuerlich;3;Deutsch;Aufgaben orientiert;Du;kurz;langsam;vereinfacht;ja;
533;maennlich;tief;natuerlich;3;Deutsch;Aufgaben orientiert;Du;kurz;langsam;vereinfacht;ja;
534;maennlich;tief;natuerlich;3;Deutsch;Aufgaben orientiert;Du;kurz;langsam;vereinfacht;ja;
535;maennlich;tief;natuerlich;3;Deutsch;Aufgaben orientiert;Du;kurz;langsam;vereinfacht;ja;
536;maennlich;tief;natuerlich;3;Deutsch;Aufgaben orientiert;Du;kurz;langsam;vereinfacht;ja;
537;maennlich;tief;natuerlich;3;Deutsch;Aufgaben orientiert;Du;kurz;langsam;vereinfacht;ja;
538;maennlich;tief;natuerlich;3;Deutsch;Aufgaben orientiert;Du;kurz;langsam;vereinfacht;ja;
539;maennlich;tief;natuerlich;3;Deutsch;Aufgaben orientiert;Du;kurz;langsam;vereinfacht;ja;
540;maennlich;tief;natuerlich;3;Deutsch;Aufgaben orientiert;Du;kurz;langsam;vereinfacht;ja;
541;maennlich;tief;natuerlich;3;Englisch;Aufgaben orientiert;Du;kurz;langsam;vereinfacht;nein;
542;maennlich;tief;natuerlich;3;Englisch;Aufgaben orientiert;Du;kurz;langsam;vereinfacht;nein;
543;maennlich;tief;natuerlich;3;Englisch;Aufgaben orientiert;Du;kurz;langsam;vereinfacht;nein;
544;maennlich;tief;natuerlich;3;Englisch;Aufgaben orientiert;Du;kurz;langsam;vereinfacht;nein;
545;maennlich;tief;natuerlich;3;Englisch;Aufgaben orientiert;Du;kurz;langsam;vereinfacht;nein;
546;maennlich;tief;natuerlich;3;Englisch;Aufgaben orientiert;Du;kurz;langsam;vereinfacht;nein;
547;maennlich;tief;natuerlich;3;Englisch;Aufgaben orientiert;Du;kurz;langsam;vereinfacht;nein;
548;maennlich;tief;natuerlich;3;Englisch;Aufgaben orientiert;Du;kurz;langsam;vereinfacht;nein;
549;maennlich;tief;natuerlich;3;Englisch;Aufgaben orientiert;Du;kurz;langsam;vereinfacht;nein;
550;maennlich;tief;natuerlich;3;Englisch;Aufgaben orientiert;Du;kurz;langsam;vereinfacht;nein;
551;maennlich;tief;natuerlich;3;Englisch;Aufgaben orientiert;Du;kurz;langsam;vereinfacht;nein;
552;maennlich;tief;natuerlich;3;Englisch;Aufgaben orientiert;Du;kurz;langsam;vereinfacht;nein;
553;maennlich;tief;natuerlich;3;Englisch;Aufgaben orientiert;Du;kurz;langsam;vereinfacht;nein;
554;maennlich;tief;natuerlich;3;Englisch;Aufgaben orientiert;Du;kurz;langsam;vereinfacht;nein;
555;maennlich;tief;natuerlich;3;Englisch;Aufgaben orientiert;Du;kurz;langsam;vereinfacht;nein;
556;maennlich;tief;natuerlich;3;Englisch;Aufgaben orientiert;Du;kurz;langsam;vereinfacht;nein;
557;maennlich;tief;natuerlich;3;Englisch;Aufgaben orientiert;Du;kurz;langsam;vereinfacht;ja;
558;maennlich;tief;natuerlich;3;Englisch;Aufgaben orientiert;Du;kurz;langsam;vereinfacht;ja;
559;maennlich;tief;natuerlich;3;Englisch;Aufgaben orientiert;Du;kurz;langsam;vereinfacht;ja;
560;maennlich;tief;natuerlich;3;Englisch;Aufgaben orientiert;Du;kurz;langsam;vereinfacht;ja;
561;maennlich;tief;natuerlich;3;Englisch;Aufgaben orientiert;Du;kurz;langsam;vereinfacht;ja;
562;maennlich;tief;natuerlich;3;Englisch;Aufgaben orientiert;Du;kurz;langsam;vereinfacht;ja;
563;maennlich;tief;natuerlich;3;Englisch;Aufgaben orientiert;Du;kurz;langsam;vereinfacht;ja;
564;maennlich;tief;natuerlich;3;Englisch;Aufgaben orientiert;Du;kurz;langsam;vereinfacht;ja;
565;maennlich;tief;natuerlich;3;Englisch;Aufgaben orientiert;Du;kurz;langsam;vereinfacht;ja;
566;maennlich;tief;natuerlich;3;Englisch;Aufgaben orientiert;Du;kurz;langsam;vereinfacht;ja;
567;maennlich;tief;natuerlich;3;Englisch;Aufgaben orientiert;Du;kurz;langsam;vereinfacht;ja;
568;maennlich;tief;natuerlich;3;Englisch;Aufgaben orientiert;Du;kurz;langsam;vereinfacht;ja;
569;maennlich;tief;natuerlich;3;Englisch;Aufgaben orientiert;Du;kurz;langsam;vereinfacht;ja;
570;maennlich;tief;natuerlich;3;Englisch;Aufgaben orientiert;Du;kurz;langsam;vereinfacht;ja;
571;maennlich;tief;natuerlich;3;Englisch;Aufgaben orientiert;Du;kurz;langsam;vereinfacht;ja;
572;maennlich;tief;natuerlich;3;Englisch;Aufgaben orientiert;Du;kurz;langsam;vereinfacht;ja;
573;maennlich;tief;natuerlich;3;Englisch;Aufgaben orientiert;Du;kurz;langsam;vereinfacht;ja;
574;maennlich;tief;natuerlich;3;Englisch;Aufgaben orientiert;Du;kurz;langsam;vereinfacht;ja;
575;maennlich;tief;natuerlich;3;Englisch;Aufgaben orientiert;Du;kurz;langsam;vereinfacht;ja;
576;maennlich;tief;natuerlich;3;Englisch;Aufgaben orientiert;Du;kurz;langsam;vereinfacht;ja;
577;maennlich;tief;natuerlich;3;Englisch;Aufgaben orientiert;Du;kurz;langsam;vereinfacht;nein;
578;maennlich;tief;natuerlich;3;Englisch;Aufgaben orientiert;Du;kurz;langsam;vereinfacht;nein;
579;maennlich;tief;natuerlich;3;Englisch;Aufgaben orientiert;Du;kurz;langsam;vereinfacht;nein;
580;maennlich;tief;natuerlich;3;Englisch;Aufgaben orientiert;Du;kurz;langsam;vereinfacht;nein;
581;maennlich;tief;natuerlich;3;Englisch;Aufgaben orientiert;Du;kurz;langsam;vereinfacht;nein;
582;maennlich;tief;natuerlich;3;Englisch;Aufgaben orientiert;Du;kurz;langsam;vereinfacht;nein;
583;maennlich;tief;natuerlich;3;Englisch;Aufgaben orientiert;Du;kurz;langsam;vereinfacht;nein;
584;maennlich;tief;natuerlich;3;Englisch;Aufgaben orientiert;Du;kurz;langsam;vereinfacht;nein;
585;maennlich;tief;natuerlich;3;Englisch;Aufgaben orientiert;Du;kurz;langsam;vereinfacht;nein;
586;maennlich;tief;natuerlich;3;Englisch;Aufgaben orientiert;Du;kurz;langsam;vereinfacht;nein;
587;maennlich;tief;natuerlich;3;Englisch;Aufgaben orientiert;Du;kurz;langsam;vereinfacht;nein;
588;maennlich;tief;natuerlich;3;Englisch;Aufgaben orientiert;Du;kurz;langsam;vereinfacht;nein;
589;maennlich;tief;natuerlich;3;Englisch;Aufgaben orientiert;Du;kurz;langsam;vereinfacht;nein;
590;maennlich;tief;natuerlich;3;Englisch;Aufgaben orientiert;Du;kurz;langsam;vereinfacht;nein;
591;maennlich;tief;natuerlich;3;Englisch;Aufgaben orientiert;Du;kurz;langsam;vereinfacht;nein;
592;maennlich;tief;natuerlich;3;Englisch;Aufgaben orientiert;Du;kurz;langsam;vereinfacht;nein;
593;maennlich;tief;natuerlich;3;Englisch;Aufgaben orientiert;Du;kurz;langsam;vereinfacht;ja;
594;maennlich;tief;natuerlich;3;Englisch;Aufgaben orientiert;Du;kurz;langsam;vereinfacht;ja;
595;maennlich;tief;natuerlich;3;Englisch;Aufgaben orientiert;Du;kurz;langsam;vereinfacht;ja;
596;maennlich;tief;natuerlich;3;Englisch;Aufgaben orientiert;Du;kurz;langsam;vereinfacht;ja;
597;maennlich;tief;natuerlich;3;Englisch;Aufgaben orientiert;Du;kurz;langsam;vereinfacht;ja;
598;maennlich;tief;natuerlich;3;Englisch;Aufgaben orientiert;Du;kurz;langsam;vereinfacht;ja;
599;maennlich;tief;natuerlich;3;Englisch;Aufgaben orientiert;Du;kurz;langsam;vereinfacht;ja;
600;maennlich;tief;natuerlich;3;Englisch;Aufgaben orientiert;Du;kurz;langsam;vereinfacht;ja;
601;maennlich;tief;natuerlich;3;Englisch;Aufgaben orientiert;Du;kurz;langsam;vereinfacht;ja;
602;maennlich;tief;natuerlich;3;Englisch;Aufgaben orientiert;Du;kurz;langsam;vereinfacht;ja;
603;maennlich;tief;natuerlich;3;Englisch;Aufgaben orientiert;Du;kurz;langsam;vereinfacht;ja;
604;maennlich;tief;natuerlich;3;Englisch;Aufgaben orientiert;Du;kurz;langsam;vereinfacht;ja;
605;maennlich;tief;natuerlich;3;Englisch;Aufgaben orientiert;Du;kurz;langsam;vereinfacht;ja;
606;maennlich;tief;natuerlich;3;Englisch;Aufgaben orientiert;Du;kurz;langsam;vereinfacht;ja;
607;maennlich;tief;natuerlich;3;Englisch;Aufgaben orientiert;Du;kurz;langsam;vereinfacht;ja;
608;maennlich;tief;natuerlich;3;Englisch;Aufgaben orientiert;Du;kurz;langsam;vereinfacht;ja;
609;maennlich;tief;natuerlich;3;Englisch;Aufgaben orientiert;Du;kurz;langsam;vereinfacht;ja;
610;maennlich;tief;natuerlich;3;Englisch;Aufgaben orientiert;Du;kurz;langsam;vereinfacht;ja;
611;maennlich;tief;natuerlich;3;Englisch;Aufgaben orientiert;Du;kurz;langsam;vereinfacht;ja;
612;maennlich;tief;natuerlich;3;Englisch;Aufgaben orientiert;Du;kurz;langsam;vereinfacht;ja;
613;maennlich;tief;natuerlich;3;Englisch;Aufgaben orientiert;Du;kurz;langsam;vereinfacht;nein;
614;maennlich;tief;natuerlich;3;Englisch;Aufgaben orientiert;Du;kurz;langsam;vereinfacht;nein;
615;maennlich;tief;natuerlich;3;Englisch;Aufgaben orientiert;Du;kurz;langsam;vereinfacht;nein;
616;maennlich;tief;natuerlich;3;Englisch;Aufgaben orientiert;Du;kurz;langsam;vereinfacht;nein;
617;maennlich;tief;natuerlich;3;Englisch;Aufgaben orientiert;Du;kurz;langsam;vereinfacht;nein;
618;maennlich;tief;natuerlich;3;Englisch;Aufgaben orientiert;Du;kurz;langsam;vereinfacht;nein;
619;maennlich;tief;natuerlich;3;Englisch;Aufgaben orientiert;Du;kurz;langsam;vereinfacht;nein;
620;maennlich;tief;natuerlich;3;Englisch;Aufgaben orientiert;Du;kurz;langsam;vereinfacht;nein;
621;maennlich;tief;natuerlich;3;Englisch;Aufgaben orientiert;Du;kurz;langsam;vereinfacht;nein;
622;maennlich;tief;natuerlich;3;Englisch;Aufgaben orientiert;Du;kurz;langsam;vereinfacht;nein;
623;maennlich;tief;natuerlich;3;Englisch;Aufgaben orientiert;Du;kurz;langsam;vereinfacht;nein;
624;maennlich;tief;natuerlich;3;Englisch;Aufgaben orientiert;Du;kurz;langsam;vereinfacht;nein;
625;maennlich;tief;natuerlich;3;Englisch;Aufgaben orientiert;Du;kurz;langsam;vereinfacht;nein;
626;maennlich;tief;natuerlich;3;Englisch;Aufgaben orientiert;Du;kurz;langsam;vereinfacht;nein;
627;maennlich;tief;natuerlich;3;Englisch;Aufgaben orientiert;Du;kurz;langsam;vereinfacht;nein;
628;maennlich;tief;natuerlich;3;Englisch;Aufgaben orientiert;Du;kurz;langsam;vereinfacht;nein;
629;maennlich;tief;natuerlich;3;Englisch;Aufgaben orientiert;Du;kurz;langsam;vereinfacht;ja;
630;maennlich;tief;natuerlich;3;Englisch;Aufgaben orientiert;Du;kurz;langsam;vereinfacht;ja;
631;maennlich;tief;natuerlich;3;Englisch;Aufgaben orientiert;Du;kurz;langsam;vereinfacht;ja;
632;maennlich;tief;natuerlich;3;Englisch;Aufgaben orientiert;Du;kurz;langsam;vereinfacht;ja;
633;maennlich;tief;natuerlich;3;Englisch;Aufgaben orientiert;Du;kurz;langsam;vereinfacht;ja;
634;maennlich;tief;natuerlich;3;Englisch;Aufgaben orientiert;Du;kurz;langsam;vereinfacht;ja;
635;maennlich;tief;natuerlich;3;Englisch;Aufgaben orientiert;Du;kurz;langsam;vereinfacht;ja;
636;maennlich;tief;natuerlich;3;Englisch;Aufgaben orientiert;Du;kurz;langsam;vereinfacht;ja;
637;maennlich;tief;natuerlich;3;Englisch;Aufgaben orientiert;Du;kurz;langsam;vereinfacht;ja;
638;maennlich;tief;natuerlich;3;Englisch;Aufgaben orientiert;Du;kurz;langsam;vereinfacht;ja;
639;maennlich;tief;natuerlich;3;Englisch;Aufgaben orientiert;Du;kurz;langsam;vereinfacht;ja;
640;maennlich;tief;natuerlich;3;Englisch;Aufgaben orientiert;Du;kurz;langsam;vereinfacht;ja;
641;maennlich;tief;natuerlich;3;Englisch;Aufgaben orientiert;Du;kurz;langsam;vereinfacht;ja;
642;maennlich;tief;natuerlich;3;Englisch;Aufgaben orientiert;Du;kurz;langsam;vereinfacht;ja;
643;maennlich;tief;natuerlich;3;Englisch;Aufgaben orientiert;Du;kurz;langsam;vereinfacht;ja;
644;maennlich;tief;natuerlich;3;Englisch;Aufgaben orientiert;Du;kurz;langsam;vereinfacht;ja;
645;maennlich;tief;natuerlich;3;Englisch;Aufgaben orientiert;Du;kurz;langsam;vereinfacht;ja;
646;maennlich;tief;natuerlich;3;Englisch;Aufgaben orientiert;Du;kurz;langsam;vereinfacht;ja;
647;maennlich;tief;natuerlich;3;Englisch;Aufgaben orientiert;Du;kurz;langsam;vereinfacht;ja;
648;maennlich;tief;natuerlich;3;Englisch;Aufgaben orientiert;Du;kurz;langsam;vereinfacht;ja;
649;maennlich;normal;natuerlich;3;Deutsch;Aufgaben orientiert;Du;kurz;durchschnittlich;normal;nein;
650;maennlich;normal;natuerlich;3;Deutsch;Aufgaben orientiert;Du;kurz;durchschnittlich;normal;nein;
651;maennlich;normal;natuerlich;3;Deutsch;Aufgaben orientiert;Du;kurz;durchschnittlich;normal;nein;
652;maennlich;normal;natuerlich;3;Deutsch;Aufgaben orientiert;Du;kurz;durchschnittlich;normal;nein;
653;maennlich;normal;natuerlich;3;Deutsch;Aufgaben orientiert;Du;kurz;durchschnittlich;normal;nein;
654;maennlich;normal;natuerlich;3;Deutsch;Aufgaben orientiert;Du;kurz;durchschnittlich;normal;nein;
655;maennlich;normal;natuerlich;3;Deutsch;Aufgaben orientiert;Du;kurz;durchschnittlich;normal;nein;
656;maennlich;normal;natuerlich;3;Deutsch;Aufgaben orientiert;Du;kurz;durchschnittlich;normal;nein;
657;maennlich;normal;natuerlich;3;Deutsch;Aufgaben orientiert;Du;kurz;durchschnittlich;normal;nein;
658;maennlich;normal;natuerlich;3;Deutsch;Aufgaben orientiert;Du;kurz;durchschnittlich;normal;nein;
659;maennlich;normal;natuerlich;3;Deutsch;Aufgaben orientiert;Du;kurz;durchschnittlich;normal;nein;
660;maennlich;normal;natuerlich;3;Deutsch;Aufgaben orientiert;Du;kurz;durchschnittlich;normal;nein;
661;maennlich;normal;natuerlich;3;Deutsch;Aufgaben orientiert;Du;kurz;durchschnittlich;normal;nein;
662;maennlich;normal;natuerlich;3;Deutsch;Aufgaben orientiert;Du;kurz;durchschnittlich;normal;nein;
663;maennlich;normal;natuerlich;3;Deutsch;Aufgaben orientiert;Du;kurz;durchschnittlich;normal;nein;
664;maennlich;normal;natuerlich;3;Deutsch;Aufgaben orientiert;Du;kurz;durchschnittlich;normal;nein;
665;maennlich;normal;natuerlich;3;Deutsch;Aufgaben orientiert;Du;kurz;durchschnittlich;normal;ja;
666;maennlich;normal;natuerlich;3;Deutsch;Aufgaben orientiert;Du;kurz;durchschnittlich;normal;ja;
667;maennlich;normal;natuerlich;3;Deutsch;Aufgaben orientiert;Du;kurz;durchschnittlich;normal;ja;
668;maennlich;normal;natuerlich;3;Deutsch;Aufgaben orientiert;Du;kurz;durchschnittlich;normal;ja;
669;maennlich;normal;natuerlich;3;Deutsch;Aufgaben orientiert;Du;kurz;durchschnittlich;normal;ja;
670;maennlich;normal;natuerlich;3;Deutsch;Aufgaben orientiert;Du;kurz;durchschnittlich;normal;ja;
671;maennlich;normal;natuerlich;3;Deutsch;Aufgaben orientiert;Du;kurz;durchschnittlich;normal;ja;
672;maennlich;normal;natuerlich;3;Deutsch;Aufgaben orientiert;Du;kurz;durchschnittlich;normal;ja;
673;maennlich;normal;natuerlich;3;Deutsch;Aufgaben orientiert;Du;kurz;durchschnittlich;normal;ja;
674;maennlich;normal;natuerlich;3;Deutsch;Aufgaben orientiert;Du;kurz;durchschnittlich;normal;ja;
675;maennlich;normal;natuerlich;3;Deutsch;Aufgaben orientiert;Du;kurz;durchschnittlich;normal;ja;
676;maennlich;normal;natuerlich;3;Deutsch;Aufgaben orientiert;Du;kurz;durchschnittlich;normal;ja;
677;maennlich;normal;natuerlich;3;Deutsch;Aufgaben orientiert;Du;kurz;durchschnittlich;normal;ja;
678;maennlich;normal;natuerlich;3;Deutsch;Aufgaben orientiert;Du;kurz;durchschnittlich;normal;ja;
679;maennlich;normal;natuerlich;3;Deutsch;Aufgaben orientiert;Du;kurz;durchschnittlich;normal;ja;
680;maennlich;normal;natuerlich;3;Deutsch;Aufgaben orientiert;Du;kurz;durchschnittlich;normal;ja;
681;maennlich;normal;natuerlich;3;Deutsch;Aufgaben orientiert;Du;kurz;durchschnittlich;normal;ja;
682;maennlich;normal;natuerlich;3;Deutsch;Aufgaben orientiert;Du;kurz;durchschnittlich;normal;ja;
683;maennlich;normal;natuerlich;3;Deutsch;Aufgaben orientiert;Du;kurz;durchschnittlich;normal;ja;
684;maennlich;normal;natuerlich;3;Deutsch;Aufgaben orientiert;Du;kurz;durchschnittlich;normal;ja;
685;maennlich;normal;natuerlich;3;Deutsch;Aufgaben orientiert;Du;kurz;durchschnittlich;normal;nein;
686;maennlich;normal;natuerlich;3;Deutsch;Aufgaben orientiert;Du;kurz;durchschnittlich;normal;nein;
687;maennlich;normal;natuerlich;3;Deutsch;Aufgaben orientiert;Du;kurz;durchschnittlich;normal;nein;
688;maennlich;normal;natuerlich;3;Deutsch;Aufgaben orientiert;Du;kurz;durchschnittlich;normal;nein;
689;maennlich;normal;natuerlich;3;Deutsch;Aufgaben orientiert;Du;kurz;durchschnittlich;normal;nein;
690;maennlich;normal;natuerlich;3;Deutsch;Aufgaben orientiert;Du;kurz;durchschnittlich;normal;nein;
691;maennlich;normal;natuerlich;3;Deutsch;Aufgaben orientiert;Du;kurz;durchschnittlich;normal;nein;
692;maennlich;normal;natuerlich;3;Deutsch;Aufgaben orientiert;Du;kurz;durchschnittlich;normal;nein;
693;maennlich;normal;natuerlich;3;Deutsch;Aufgaben orientiert;Du;kurz;durchschnittlich;normal;nein;
694;maennlich;normal;natuerlich;3;Deutsch;Aufgaben orientiert;Du;kurz;durchschnittlich;normal;nein;
695;maennlich;normal;natuerlich;3;Deutsch;Aufgaben orientiert;Du;kurz;durchschnittlich;normal;nein;
696;maennlich;normal;natuerlich;3;Deutsch;Aufgaben orientiert;Du;kurz;durchschnittlich;normal;nein;
697;maennlich;normal;natuerlich;3;Deutsch;Aufgaben orientiert;Du;kurz;durchschnittlich;normal;nein;
698;maennlich;normal;natuerlich;3;Deutsch;Aufgaben orientiert;Du;kurz;durchschnittlich;normal;nein;
699;maennlich;normal;natuerlich;3;Deutsch;Aufgaben orientiert;Du;kurz;durchschnittlich;normal;nein;
700;maennlich;normal;natuerlich;3;Deutsch;Aufgaben orientiert;Du;kurz;durchschnittlich;normal;nein;
701;maennlich;normal;natuerlich;3;Deutsch;Aufgaben orientiert;Du;kurz;durchschnittlich;normal;ja;
702;maennlich;normal;natuerlich;3;Deutsch;Aufgaben orientiert;Du;kurz;durchschnittlich;normal;ja;
703;maennlich;normal;natuerlich;3;Deutsch;Aufgaben orientiert;Du;kurz;durchschnittlich;normal;ja;
704;maennlich;normal;natuerlich;3;Deutsch;Aufgaben orientiert;Du;kurz;durchschnittlich;normal;ja;
705;maennlich;normal;natuerlich;3;Deutsch;Aufgaben orientiert;Du;kurz;durchschnittlich;normal;ja;
706;maennlich;normal;natuerlich;3;Deutsch;Aufgaben orientiert;Du;kurz;durchschnittlich;normal;ja;
707;maennlich;normal;natuerlich;3;Deutsch;Aufgaben orientiert;Du;kurz;durchschnittlich;normal;ja;
708;maennlich;normal;natuerlich;3;Deutsch;Aufgaben orientiert;Du;kurz;durchschnittlich;normal;ja;
709;maennlich;normal;natuerlich;3;Deutsch;Aufgaben orientiert;Du;kurz;durchschnittlich;normal;ja;
710;maennlich;normal;natuerlich;3;Deutsch;Aufgaben orientiert;Du;kurz;durchschnittlich;normal;ja;
711;maennlich;normal;natuerlich;3;Deutsch;Aufgaben orientiert;Du;kurz;durchschnittlich;normal;ja;
712;maennlich;normal;natuerlich;3;Deutsch;Aufgaben orientiert;Du;kurz;durchschnittlich;normal;ja;
713;maennlich;normal;natuerlich;3;Deutsch;Aufgaben orientiert;Du;kurz;durchschnittlich;normal;ja;
714;maennlich;normal;natuerlich;3;Deutsch;Aufgaben orientiert;Du;kurz;durchschnittlich;normal;ja;
715;maennlich;normal;natuerlich;3;Deutsch;Aufgaben orientiert;Du;kurz;durchschnittlich;normal;ja;
716;maennlich;normal;natuerlich;3;Deutsch;Aufgaben orientiert;Du;kurz;durchschnittlich;normal;ja;
717;maennlich;normal;natuerlich;3;Deutsch;Aufgaben orientiert;Du;kurz;durchschnittlich;normal;ja;
718;maennlich;normal;natuerlich;3;Deutsch;Aufgaben orientiert;Du;kurz;durchschnittlich;normal;ja;
719;maennlich;normal;natuerlich;3;Deutsch;Aufgaben orientiert;Du;kurz;durchschnittlich;normal;ja;
720;maennlich;normal;natuerlich;3;Deutsch;Aufgaben orientiert;Du;kurz;durchschnittlich;normal;ja;
721;maennlich;normal;natuerlich;3;Deutsch;Aufgaben orientiert;Du;kurz;durchschnittlich;normal;nein;
722;maennlich;normal;natuerlich;3;Deutsch;Aufgaben orientiert;Du;kurz;durchschnittlich;normal;nein;
723;maennlich;normal;natuerlich;3;Deutsch;Aufgaben orientiert;Du;kurz;durchschnittlich;normal;nein;
724;maennlich;normal;natuerlich;3;Deutsch;Aufgaben orientiert;Du;kurz;durchschnittlich;normal;nein;
725;maennlich;normal;natuerlich;3;Deutsch;Aufgaben orientiert;Du;kurz;durchschnittlich;normal;nein;
726;maennlich;normal;natuerlich;3;Deutsch;Aufgaben orientiert;Du;kurz;durchschnittlich;normal;nein;
727;maennlich;normal;natuerlich;3;Deutsch;Aufgaben orientiert;Du;kurz;durchschnittlich;normal;nein;
728;maennlich;normal;natuerlich;3;Deutsch;Aufgaben orientiert;Du;kurz;durchschnittlich;normal;nein;
729;maennlich;normal;natuerlich;3;Deutsch;Aufgaben orientiert;Du;kurz;durchschnittlich;normal;nein;
730;maennlich;normal;natuerlich;3;Deutsch;Aufgaben orientiert;Du;kurz;durchschnittlich;normal;nein;
731;maennlich;normal;natuerlich;3;Deutsch;Aufgaben orientiert;Du;kurz;durchschnittlich;normal;nein;
732;maennlich;normal;natuerlich;3;Deutsch;Aufgaben orientiert;Du;kurz;durchschnittlich;normal;nein;
733;maennlich;normal;natuerlich;3;Deutsch;Aufgaben orientiert;Du;kurz;durchschnittlich;normal;nein;
734;maennlich;normal;natuerlich;3;Deutsch;Aufgaben orientiert;Du;kurz;durchschnittlich;normal;nein;
735;maennlich;normal;natuerlich;3;Deutsch;Aufgaben orientiert;Du;kurz;durchschnittlich;normal;nein;
736;maennlich;normal;natuerlich;3;Deutsch;Aufgaben orientiert;Du;kurz;durchschnittlich;normal;nein;
737;maennlich;normal;natuerlich;3;Deutsch;Aufgaben orientiert;Du;kurz;durchschnittlich;normal;ja;
738;maennlich;normal;natuerlich;3;Deutsch;Aufgaben orientiert;Du;kurz;durchschnittlich;normal;ja;
739;maennlich;normal;natuerlich;3;Deutsch;Aufgaben orientiert;Du;kurz;durchschnittlich;normal;ja;
740;maennlich;normal;natuerlich;3;Deutsch;Aufgaben orientiert;Du;kurz;durchschnittlich;normal;ja;
741;maennlich;normal;natuerlich;3;Deutsch;Aufgaben orientiert;Du;kurz;durchschnittlich;normal;ja;
742;maennlich;normal;natuerlich;3;Deutsch;Aufgaben orientiert;Du;kurz;durchschnittlich;normal;ja;
743;maennlich;normal;natuerlich;3;Deutsch;Aufgaben orientiert;Du;kurz;durchschnittlich;normal;ja;
744;maennlich;normal;natuerlich;3;Deutsch;Aufgaben orientiert;Du;kurz;durchschnittlich;normal;ja;
745;maennlich;normal;natuerlich;3;Deutsch;Aufgaben orientiert;Du;kurz;durchschnittlich;normal;ja;
746;maennlich;normal;natuerlich;3;Deutsch;Aufgaben orientiert;Du;kurz;durchschnittlich;normal;ja;
747;maennlich;normal;natuerlich;3;Deutsch;Aufgaben orientiert;Du;kurz;durchschnittlich;normal;ja;
748;maennlich;normal;natuerlich;3;Deutsch;Aufgaben orientiert;Du;kurz;durchschnittlich;normal;ja;
749;maennlich;normal;natuerlich;3;Deutsch;Aufgaben orientiert;Du;kurz;durchschnittlich;normal;ja;
750;maennlich;normal;natuerlich;3;Deutsch;Aufgaben orientiert;Du;kurz;durchschnittlich;normal;ja;
751;maennlich;normal;natuerlich;3;Deutsch;Aufgaben orientiert;Du;kurz;durchschnittlich;normal;ja;
752;maennlich;normal;natuerlich;3;Deutsch;Aufgaben orientiert;Du;kurz;durchschnittlich;normal;ja;
753;maennlich;normal;natuerlich;3;Deutsch;Aufgaben orientiert;Du;kurz;durchschnittlich;normal;ja;
754;maennlich;normal;natuerlich;3;Deutsch;Aufgaben orientiert;Du;kurz;durchschnittlich;normal;ja;
755;maennlich;normal;natuerlich;3;Deutsch;Aufgaben orientiert;Du;kurz;durchschnittlich;normal;ja;
756;maennlich;normal;natuerlich;3;Deutsch;Aufgaben orientiert;Du;kurz;durchschnittlich;normal;ja;
757;maennlich;normal;natuerlich;3;Englisch;Aufgaben orientiert;Du;kurz;durchschnittlich;normal;nein;
758;maennlich;normal;natuerlich;3;Englisch;Aufgaben orientiert;Du;kurz;durchschnittlich;normal;nein;
759;maennlich;normal;natuerlich;3;Englisch;Aufgaben orientiert;Du;kurz;durchschnittlich;normal;nein;
760;maennlich;normal;natuerlich;3;Englisch;Aufgaben orientiert;Du;kurz;durchschnittlich;normal;nein;
761;maennlich;normal;natuerlich;3;Englisch;Aufgaben orientiert;Du;kurz;durchschnittlich;normal;nein;
762;maennlich;normal;natuerlich;3;Englisch;Aufgaben orientiert;Du;kurz;durchschnittlich;normal;nein;
763;maennlich;normal;natuerlich;3;Englisch;Aufgaben orientiert;Du;kurz;durchschnittlich;normal;nein;
764;maennlich;normal;natuerlich;3;Englisch;Aufgaben orientiert;Du;kurz;durchschnittlich;normal;nein;
765;maennlich;normal;natuerlich;3;Englisch;Aufgaben orientiert;Du;kurz;durchschnittlich;normal;nein;
766;maennlich;normal;natuerlich;3;Englisch;Aufgaben orientiert;Du;kurz;durchschnittlich;normal;nein;
767;maennlich;normal;natuerlich;3;Englisch;Aufgaben orientiert;Du;kurz;durchschnittlich;normal;nein;
768;maennlich;normal;natuerlich;3;Englisch;Aufgaben orientiert;Du;kurz;durchschnittlich;normal;nein;
769;maennlich;normal;natuerlich;3;Englisch;Aufgaben orientiert;Du;kurz;durchschnittlich;normal;nein;
770;maennlich;normal;natuerlich;3;Englisch;Aufgaben orientiert;Du;kurz;durchschnittlich;normal;nein;
771;maennlich;normal;natuerlich;3;Englisch;Aufgaben orientiert;Du;kurz;durchschnittlich;normal;nein;
772;maennlich;normal;natuerlich;3;Englisch;Aufgaben orientiert;Du;kurz;durchschnittlich;normal;nein;
773;maennlich;normal;natuerlich;3;Englisch;Aufgaben orientiert;Du;kurz;durchschnittlich;normal;ja;
774;maennlich;normal;natuerlich;3;Englisch;Aufgaben orientiert;Du;kurz;durchschnittlich;normal;ja;
775;maennlich;normal;natuerlich;3;Englisch;Aufgaben orientiert;Du;kurz;durchschnittlich;normal;ja;
776;maennlich;normal;natuerlich;3;Englisch;Aufgaben orientiert;Du;kurz;durchschnittlich;normal;ja;
777;maennlich;normal;natuerlich;3;Englisch;Aufgaben orientiert;Du;kurz;durchschnittlich;normal;ja;
778;maennlich;normal;natuerlich;3;Englisch;Aufgaben orientiert;Du;kurz;durchschnittlich;normal;ja;
779;maennlich;normal;natuerlich;3;Englisch;Aufgaben orientiert;Du;kurz;durchschnittlich;normal;ja;
780;maennlich;normal;natuerlich;3;Englisch;Aufgaben orientiert;Du;kurz;durchschnittlich;normal;ja;
781;maennlich;normal;natuerlich;3;Englisch;Aufgaben orientiert;Du;kurz;durchschnittlich;normal;ja;
782;maennlich;normal;natuerlich;3;Englisch;Aufgaben orientiert;Du;kurz;durchschnittlich;normal;ja;
783;maennlich;normal;natuerlich;3;Englisch;Aufgaben orientiert;Du;kurz;durchschnittlich;normal;ja;
784;maennlich;normal;natuerlich;3;Englisch;Aufgaben orientiert;Du;kurz;durchschnittlich;normal;ja;
785;maennlich;normal;natuerlich;3;Englisch;Aufgaben orientiert;Du;kurz;durchschnittlich;normal;ja;
786;maennlich;normal;natuerlich;3;Englisch;Aufgaben orientiert;Du;kurz;durchschnittlich;normal;ja;
787;maennlich;normal;natuerlich;3;Englisch;Aufgaben orientiert;Du;kurz;durchschnittlich;normal;ja;
788;maennlich;normal;natuerlich;3;Englisch;Aufgaben orientiert;Du;kurz;durchschnittlich;normal;ja;
789;maennlich;normal;natuerlich;3;Englisch;Aufgaben orientiert;Du;kurz;durchschnittlich;normal;ja;
790;maennlich;normal;natuerlich;3;Englisch;Aufgaben orientiert;Du;kurz;durchschnittlich;normal;ja;
791;maennlich;normal;natuerlich;3;Englisch;Aufgaben orientiert;Du;kurz;durchschnittlich;normal;ja;
792;maennlich;normal;natuerlich;3;Englisch;Aufgaben orientiert;Du;kurz;durchschnittlich;normal;ja;
793;maennlich;normal;natuerlich;3;Englisch;Aufgaben orientiert;Du;kurz;durchschnittlich;normal;nein;
794;maennlich;normal;natuerlich;3;Englisch;Aufgaben orientiert;Du;kurz;durchschnittlich;normal;nein;
795;maennlich;normal;natuerlich;3;Englisch;Aufgaben orientiert;Du;kurz;durchschnittlich;normal;nein;
796;maennlich;normal;natuerlich;3;Englisch;Aufgaben orientiert;Du;kurz;durchschnittlich;normal;nein;
797;maennlich;normal;natuerlich;3;Englisch;Aufgaben orientiert;Du;kurz;durchschnittlich;normal;nein;
798;maennlich;normal;natuerlich;3;Englisch;Aufgaben orientiert;Du;kurz;durchschnittlich;normal;nein;
799;maennlich;normal;natuerlich;3;Englisch;Aufgaben orientiert;Du;kurz;durchschnittlich;normal;nein;
800;maennlich;normal;natuerlich;3;Englisch;Aufgaben orientiert;Du;kurz;durchschnittlich;normal;nein;
801;maennlich;normal;natuerlich;3;Englisch;Aufgaben orientiert;Du;kurz;durchschnittlich;normal;nein;
802;maennlich;normal;natuerlich;3;Englisch;Aufgaben orientiert;Du;kurz;durchschnittlich;normal;nein;
803;maennlich;normal;natuerlich;3;Englisch;Aufgaben orientiert;Du;kurz;durchschnittlich;normal;nein;
804;maennlich;normal;natuerlich;3;Englisch;Aufgaben orientiert;Du;kurz;durchschnittlich;normal;nein;
805;maennlich;normal;natuerlich;3;Englisch;Aufgaben orientiert;Du;kurz;durchschnittlich;normal;nein;
806;maennlich;normal;natuerlich;3;Englisch;Aufgaben orientiert;Du;kurz;durchschnittlich;normal;nein;
807;maennlich;normal;natuerlich;3;Englisch;Aufgaben orientiert;Du;kurz;durchschnittlich;normal;nein;
808;maennlich;normal;natuerlich;3;Englisch;Aufgaben orientiert;Du;kurz;durchschnittlich;normal;nein;
809;maennlich;normal;natuerlich;3;Englisch;Aufgaben orientiert;Du;kurz;durchschnittlich;normal;ja;
810;maennlich;normal;natuerlich;3;Englisch;Aufgaben orientiert;Du;kurz;durchschnittlich;normal;ja;
811;maennlich;normal;natuerlich;3;Englisch;Aufgaben orientiert;Du;kurz;durchschnittlich;normal;ja;
812;maennlich;normal;natuerlich;3;Englisch;Aufgaben orientiert;Du;kurz;durchschnittlich;normal;ja;
813;maennlich;normal;natuerlich;3;Englisch;Aufgaben orientiert;Du;kurz;durchschnittlich;normal;ja;
814;maennlich;normal;natuerlich;3;Englisch;Aufgaben orientiert;Du;kurz;durchschnittlich;normal;ja;
815;maennlich;normal;natuerlich;3;Englisch;Aufgaben orientiert;Du;kurz;durchschnittlich;normal;ja;
816;maennlich;normal;natuerlich;3;Englisch;Aufgaben orientiert;Du;kurz;durchschnittlich;normal;ja;
817;maennlich;normal;natuerlich;3;Englisch;Aufgaben orientiert;Du;kurz;durchschnittlich;normal;ja;
818;maennlich;normal;natuerlich;3;Englisch;Aufgaben orientiert;Du;kurz;durchschnittlich;normal;ja;
819;maennlich;normal;natuerlich;3;Englisch;Aufgaben orientiert;Du;kurz;durchschnittlich;normal;ja;
820;maennlich;normal;natuerlich;3;Englisch;Aufgaben orientiert;Du;kurz;durchschnittlich;normal;ja;
821;maennlich;normal;natuerlich;3;Englisch;Aufgaben orientiert;Du;kurz;durchschnittlich;normal;ja;
822;maennlich;normal;natuerlich;3;Englisch;Aufgaben orientiert;Du;kurz;durchschnittlich;normal;ja;
823;maennlich;normal;natuerlich;3;Englisch;Aufgaben orientiert;Du;kurz;durchschnittlich;normal;ja;
824;maennlich;normal;natuerlich;3;Englisch;Aufgaben orientiert;Du;kurz;durchschnittlich;normal;ja;
825;maennlich;normal;natuerlich;3;Englisch;Aufgaben orientiert;Du;kurz;durchschnittlich;normal;ja;
826;maennlich;normal;natuerlich;3;Englisch;Aufgaben orientiert;Du;kurz;durchschnittlich;normal;ja;
827;maennlich;normal;natuerlich;3;Englisch;Aufgaben orientiert;Du;kurz;durchschnittlich;normal;ja;
828;maennlich;normal;natuerlich;3;Englisch;Aufgaben orientiert;Du;kurz;durchschnittlich;normal;ja;
829;maennlich;normal;natuerlich;3;Englisch;Aufgaben orientiert;Du;kurz;durchschnittlich;normal;nein;
830;maennlich;normal;natuerlich;3;Englisch;Aufgaben orientiert;Du;kurz;durchschnittlich;normal;nein;
831;maennlich;normal;natuerlich;3;Englisch;Aufgaben orientiert;Du;kurz;durchschnittlich;normal;nein;
832;maennlich;normal;natuerlich;3;Englisch;Aufgaben orientiert;Du;kurz;durchschnittlich;normal;nein;
833;maennlich;normal;natuerlich;3;Englisch;Aufgaben orientiert;Du;kurz;durchschnittlich;normal;nein;
834;maennlich;normal;natuerlich;3;Englisch;Aufgaben orientiert;Du;kurz;durchschnittlich;normal;nein;
835;maennlich;normal;natuerlich;3;Englisch;Aufgaben orientiert;Du;kurz;durchschnittlich;normal;nein;
836;maennlich;normal;natuerlich;3;Englisch;Aufgaben orientiert;Du;kurz;durchschnittlich;normal;nein;
837;maennlich;normal;natuerlich;3;Englisch;Aufgaben orientiert;Du;kurz;durchschnittlich;normal;nein;
838;maennlich;normal;natuerlich;3;Englisch;Aufgaben orientiert;Du;kurz;durchschnittlich;normal;nein;
839;maennlich;normal;natuerlich;3;Englisch;Aufgaben orientiert;Du;kurz;durchschnittlich;normal;nein;
840;maennlich;normal;natuerlich;3;Englisch;Aufgaben orientiert;Du;kurz;durchschnittlich;normal;nein;
841;maennlich;normal;natuerlich;3;Englisch;Aufgaben orientiert;Du;kurz;durchschnittlich;normal;nein;
842;maennlich;normal;natuerlich;3;Englisch;Aufgaben orientiert;Du;kurz;durchschnittlich;normal;nein;
843;maennlich;normal;natuerlich;3;Englisch;Aufgaben orientiert;Du;kurz;durchschnittlich;normal;nein;
844;maennlich;normal;natuerlich;3;Englisch;Aufgaben orientiert;Du;kurz;durchschnittlich;normal;nein;
845;maennlich;normal;natuerlich;3;Englisch;Aufgaben orientiert;Du;kurz;durchschnittlich;normal;ja;
846;maennlich;normal;natuerlich;3;Englisch;Aufgaben orientiert;Du;kurz;durchschnittlich;normal;ja;
847;maennlich;normal;natuerlich;3;Englisch;Aufgaben orientiert;Du;kurz;durchschnittlich;normal;ja;
848;maennlich;normal;natuerlich;3;Englisch;Aufgaben orientiert;Du;kurz;durchschnittlich;normal;ja;
849;maennlich;normal;natuerlich;3;Englisch;Aufgaben orientiert;Du;kurz;durchschnittlich;normal;ja;
850;maennlich;normal;natuerlich;3;Englisch;Aufgaben orientiert;Du;kurz;durchschnittlich;normal;ja;
851;maennlich;normal;natuerlich;3;Englisch;Aufgaben orientiert;Du;kurz;durchschnittlich;normal;ja;
852;maennlich;normal;natuerlich;3;Englisch;Aufgaben orientiert;Du;kurz;durchschnittlich;normal;ja;
853;maennlich;normal;natuerlich;3;Englisch;Aufgaben orientiert;Du;kurz;durchschnittlich;normal;ja;
854;maennlich;normal;natuerlich;3;Englisch;Aufgaben orientiert;Du;kurz;durchschnittlich;normal;ja;
855;maennlich;normal;natuerlich;3;Englisch;Aufgaben orientiert;Du;kurz;durchschnittlich;normal;ja;
856;maennlich;normal;natuerlich;3;Englisch;Aufgaben orientiert;Du;kurz;durchschnittlich;normal;ja;
857;maennlich;normal;natuerlich;3;Englisch;Aufgaben orientiert;Du;kurz;durchschnittlich;normal;ja;
858;maennlich;normal;natuerlich;3;Englisch;Aufgaben orientiert;Du;kurz;durchschnittlich;normal;ja;
859;maennlich;normal;natuerlich;3;Englisch;Aufgaben orientiert;Du;kurz;durchschnittlich;normal;ja;
860;maennlich;normal;natuerlich;3;Englisch;Aufgaben orientiert;Du;kurz;durchschnittlich;normal;ja;
861;maennlich;normal;natuerlich;3;Englisch;Aufgaben orientiert;Du;kurz;durchschnittlich;normal;ja;
862;maennlich;normal;natuerlich;3;Englisch;Aufgaben orientiert;Du;kurz;durchschnittlich;normal;ja;
863;maennlich;normal;natuerlich;3;Englisch;Aufgaben orientiert;Du;kurz;durchschnittlich;normal;ja;
864;maennlich;normal;natuerlich;3;Englisch;Aufgaben orientiert;Du;kurz;durchschnittlich;normal;ja;
